ANIO,MES,FECHA,Latitud,Longitud,FALLECIDOS,CAUSA PROBABLE,TIPOLOGIA
2021,ENERO,01/01/2021,-0.217446,-78.400434,1,CONDUCIR EN MALAS CONDICIONES FISICAS,ESTRELLAMIENTO
2021,ENERO,01/01/2021,-0.3080055,-78.55941598,1,CONDUCIR SUPERANDO LOS LIMITES DE VELOCIDAD,ESTRELLAMIENTO
2021,ENERO,01/01/2021,-0.17407692,-78.49306912,1,CONDUCE BAJO LA INFLUENCIA DE ALCOHOL,CHOQUES
2021,ENERO,03/01/2021,-0.12356389,-78.50331016,1,PEATON QUE CRUZA LA CALZADA SIN RESPETAR LA SEniALIZACION,ATROPELLO
2021,ENERO,07/01/2021,-0.25268005,-78.50405666,1,CONDICIONES AMBIENTALES ADVERSAS,ESTRELLAMIENTO
2021,ENERO,09/01/2021,-0.204645,-78.37778,1,NO CEDER EL DERECHO DE VIA AL PEATON,ATROPELLO
2021,ENERO,09/01/2021,-0.30371089,-78.46617817,1,CONDUCIR EN MALAS CONDICIONES FISICAS,CHOQUES
2021,ENERO,09/01/2021,-0.14141657,-78.48294673,1,NO GUARDAR LA DISTANCIA LATERAL ENTRE VEHICULOS,CHOQUES
2021,ENERO,10/01/2021,-0.23204573,-78.52342189,1,NO CEDER EL DERECHO VIA A VEHICULOS,CHOQUES
2021,ENERO,11/01/2021,-0.25670356,-78.54271832,1,PEATON QUE CRUZA LA CALZADA SIN RESPETAR LA SENIALIZACION,ATROPELLO
2021,ENERO,13/01/2021,-0.13764912,-78.50135825,1,NO TRANSITAR POR LAS ACERAS,ATROPELLO
2021,ENERO,16/01/2021,-0.10937408,-78.50426534,1,PEATON QUE CRUZA LA CALZADA SIN RESPETAR LA SENIALIZACION,ATROPELLO
2021,ENERO,19/01/2021,-0.12893528,-78.48511278,1,CONDUCIR SUPERANDO LOS LIMITES DE VELOCIDAD,ROCE
2021,ENERO,21/01/2021,-0.27763758,-78.55762751,1,CONDUCIR SUPERANDO LOS LIMITES DE VELOCIDAD,ATROPELLO
2021,ENERO,26/01/2021,-0.16405212,-78.47165534,1,PEATON QUE CRUZA LA CALZADA SIN RESPETAR LA SENIALIZACION,ATROPELLO
2021,ENERO,26/01/2021,-0.17987857,-78.47262153,1,ADELANTAR O REBASAR EN ZONAS PELIGROSAS,ESTRELLAMIENTO
2021,ENERO,27/01/2021,-0.30949385,-78.5591198,1,NO CEDER EL DERECHO VIA A VEHICULOS,CHOQUES
2021,ENERO,30/01/2021,-0.2447818,-78.52000282,1,NO TRANSITAR POR LAS ACERAS,ATROPELLO
2021,FEBRERO,10/02/2021,-0.3385203,-78.55553231,1,REALIZAR CAMBIO BRUSCO O INDEBIDO DE CARRIL,CHOQUES
2021,FEBRERO,11/02/2021,-0.24284844,-78.49961131,1,NO CEDER EL DERECHO DE VIA AL PEATON,ATROPELLO
2021,FEBRERO,11/02/2021,-0.20209547,-78.48646097,1,CONDUCE BAJO LA INFLUENCIA DE ALCOHOL,CHOQUES
2021,FEBRERO,14/02/2021,-0.23237045,-78.4845143,1,PEATON QUE CRUZA LA CALZADA SIN RESPETAR LA SENIALIZACION,ATROPELLO
2021,FEBRERO,20/02/2021,-0.09075339,-78.52139903,1,PEATON QUE CRUZA LA CALZADA SIN RESPETAR LA SENIALIZACION,ATROPELLO
2021,FEBRERO,20/02/2021,-0.19149798,-78.44314176,1,NO RESPETAR LAS SENIALES REGLAMENTARIAS,CHOQUES
2021,FEBRERO,20/02/2021,-0.36669524,-78.49353554,3,NO CEDER EL DERECHO DE VIA AL PEATON,ATROPELLO
2021,FEBRERO,24/02/2021,-0.23329066,-78.50349,1,REALIZAR CAMBIO BRUSCO O INDEBIDO DE CARRIL,CHOQUES
2021,FEBRERO,25/02/2021,-0.13856001,-78.48243608,1,NO CEDER EL DERECHO DE VIA AL PEATON,ATROPELLO
2021,FEBRERO,27/02/2021,-0.24247477,-78.49748821,1,PEATON QUE CRUZA LA CALZADA SIN RESPETAR LA SENIALIZACION,ATROPELLO
2021,FEBRERO,27/02/2021,-0.12387203,-78.44769732,2,TRANSPORTAR CARGAS SIN CUMPLIR LAS NORMAS DE SEGURIDAD,VOLCAMIENTO
2021,FEBRERO,28/02/2021,-0.16530105,-78.47806783,1,NO RESPETAR LAS SENIALES REGLAMENTARIAS,CHOQUES
2021,FEBRERO,28/02/2021,-0.25584199,-78.50333328,1,PEATON QUE CRUZA LA CALZADA SIN RESPETAR LA SENIALIZACION,ATROPELLO
2021,MARZO,02/03/2021,-0.41298027,-78.3743408,3,CONDICIONES AMBIENTALES ADVERSAS,VOLCAMIENTO
2021,MARZO,07/03/2021,-0.28792369,-78.54075803,1,NO CEDER EL DERECHO DE VIA AL PEATON,ATROPELLO
2021,MARZO,13/03/2021,-0.10140292,-78.46913251,1,NO CEDER EL DERECHO DE VIA AL PEATON,ATROPELLO
2021,MARZO,14/03/2021,-0.23598435,-78.52967352,1,NO RESPETAR LAS SENIALES REGLAMENTARIAS,ATIPICO
2021,MARZO,20/03/2021,-0.07438512,-78.46291884,1,NO CEDER EL DERECHO VIA A VEHICULOS,CHOQUES
2021,MARZO,21/03/2021,-0.19013201,-78.45434261,1,CONDUCIR SUPERANDO LOS LIMITES DE VELOCIDAD,ESTRELLAMIENTO
2021,MARZO,21/03/2021,-0.11218578,-78.50481754,1,NO CEDER EL DERECHO DE VIA AL PEATON,ATROPELLO
2021,MARZO,23/03/2021,-0.09874121,-78.53022105,1,CRUCE DE ANIMALES EN LA VIA,VOLCAMIENTO
2021,MARZO,26/03/2021,-0.21109387,-78.50982422,1,NO GUARDAR LA DISTANCIA LATERAL ENTRE VEHICULOS,CHOQUES
2021,MARZO,28/03/2021,-0.28158613,-78.51662282,2,CONDUCIR SUPERANDO LOS LIMITES DE VELOCIDAD,VOLCAMIENTO
2021,MARZO,30/03/2021,-0.25963507,-78.53033191,1,CONDUCIR SUPERANDO LOS LIMITES DE VELOCIDAD,ESTRELLAMIENTO
2021,ABRIL,02/04/2021,-0.14317905,-78.46100848,1,CONDUCIR EN MALAS CONDICIONES FISICAS,VOLCAMIENTO
2021,ABRIL,04/04/2021,-0.26948483,-78.50779955,1,CONDUCE BAJO LA INFLUENCIA DE ALCOHOL,ESTRELLAMIENTO
2021,ABRIL,04/04/2021,-0.35537441,-78.52620693,1,CONDICIONES AMBIENTALES ADVERSAS,ESTRELLAMIENTO
2021,ABRIL,04/04/2021,-0.2737769,-78.52682297,3,CONDUCIR SUPERANDO LOS LIMITES DE VELOCIDAD,ESTRELLAMIENTO
2021,ABRIL,10/04/2021,-0.24670814,-78.4962772,1,CONDUCIR SUPERANDO LOS LIMITES DE VELOCIDAD,ESTRELLAMIENTO
2021,ABRIL,15/04/2021,-0.24487871,-78.51419881,1,NO TRANSITAR POR LAS ACERAS,ATROPELLO
2021,ABRIL,17/04/2021,-0.13357151,-78.50177499,1,NO RESPETAR LAS SENIALES REGLAMENTARIAS,VOLCAMIENTO
2021,ABRIL,22/04/2021,-0.11090697,-78.431781,1,NO CEDER EL DERECHO DE VIA AL PEATON,ATROPELLO
2021,ABRIL,26/04/2021,-0.24552516,-78.50113702,1,NO TRANSITAR POR LAS ACERAS,ATROPELLO
2021,ABRIL,30/04/2021,-0.23747807,-78.4846232,1,CONDUCIR SUPERANDO LOS LIMITES DE VELOCIDAD,VOLCAMIENTO
2021,MAYO,07/05/2021,-0.30260709,-78.55350661,1,BAJARSE O SUBIRSE DE VEHICULOS EN MOVIMIENTO,ROCE
2021,MAYO,08/05/2021,-0.08595531,-78.42210403,1,CONDUCIR EN MALAS CONDICIONES FISICAS,PERDIDA DE CARRIL
2021,MAYO,15/05/2021,-0.21060436,-78.36839709,1,CONDUCE BAJO LA INFLUENCIA DE ALCOHOL,VOLCAMIENTO
2021,MAYO,15/05/2021,-0.34168458,-78.56300689,1,CONDUCIR SUPERANDO LOS LIMITES DE VELOCIDAD,VOLCAMIENTO
2021,MAYO,22/05/2021,-0.29195933,-78.5197412,1,NO CEDER EL DERECHO DE VIA AL PEATON,ATROPELLO
2021,MAYO,22/05/2021,-0.27198543,-78.56156413,1,CONDUCE BAJO LA INFLUENCIA DE ALCOHOL,VOLCAMIENTO
2021,MAYO,23/05/2021,-0.34130699,-78.52191511,2,CONDUCE BAJO LA INFLUENCIA DE ALCOHOL,ATROPELLO
2021,MAYO,23/05/2021,-0.10829982,-78.45073222,1,CONDUCIR SUPERANDO LOS LIMITES DE VELOCIDAD,VOLCAMIENTO
2021,MAYO,23/05/2021,-0.32921638,-78.55059237,1,CONDUCIR EN MALAS CONDICIONES FISICAS,VOLCAMIENTO
2021,MAYO,23/05/2021,-0.29584184,-78.43202383,1,PEATON QUE CRUZA LA CALZADA SIN RESPETAR LA SENIALIZACION,ATROPELLO
2021,MAYO,23/05/2021,-0.18791863,-78.49168214,1,CONDUCIR SUPERANDO LOS LIMITES DE VELOCIDAD,ATIPICO
2021,MAYO,24/05/2021,-0.08843704,-78.44881129,1,NO CEDER EL DERECHO DE VIA AL PEATON,ATROPELLO
2021,MAYO,28/05/2021,-0.34717543,-78.52342835,1,CONDUCIR SUPERANDO LOS LIMITES DE VELOCIDAD,ESTRELLAMIENTO
2021,MAYO,30/05/2021,-0.12680611,-78.44807759,1,CONDUCIR SUPERANDO LOS LIMITES DE VELOCIDAD,ESTRELLAMIENTO
2021,MAYO,31/05/2021,-0.29430727,-78.5199089,1,CONDUCIR SUPERANDO LOS LIMITES DE VELOCIDAD,VOLCAMIENTO
2021,MAYO,31/05/2021,-0.08329347,-78.47013764,1,CONDUCIR SUPERANDO LOS LIMITES DE VELOCIDAD,ESTRELLAMIENTO
2021,JUNIO,04/06/2021,-0.15331164,-78.48007805,1,NO GUARDAR LA DISTANCIA LATERAL ENTRE VEHICULOS,CHOQUES
2021,JUNIO,06/06/2021,-0.29122763,-78.4471466,1,CONDUCIR SUPERANDO LOS LIMITES DE VELOCIDAD,CHOQUES
2021,JUNIO,06/06/2021,-0.20938504,-78.40176031,1,NO TRANSITAR POR LAS ACERAS,ATROPELLO
2021,JUNIO,14/06/2021,-0.23444867,-78.49158423,1,NO TRANSITAR POR LAS ACERAS,ATROPELLO
2021,JUNIO,15/06/2021,-0.29008689,-78.54555388,1,CONDUCIR SUPERANDO LOS LIMITES DE VELOCIDAD,ESTRELLAMIENTO
2021,JUNIO,17/06/2021,-0.20658586,-78.43445667,4,CONDUCIR SUPERANDO LOS LIMITES DE VELOCIDAD,ESTRELLAMIENTO
2021,JUNIO,18/06/2021,-0.25623296,-78.5236427,1,NO TRANSITAR POR LAS ACERAS,ATROPELLO
2021,JUNIO,19/06/2021,-0.30804147,-78.56059496,1,CONDUCIR SUPERANDO LOS LIMITES DE VELOCIDAD,ESTRELLAMIENTO
2021,JUNIO,20/06/2021,-0.28065584,-78.51631588,1,CONDICIONES AMBIENTALES ADVERSAS,ATROPELLO
2021,JUNIO,21/06/2021,-0.11767595,-78.46780964,1,CONDUCIR SUPERANDO LOS LIMITES DE VELOCIDAD,ATIPICO
2021,JUNIO,26/06/2021,-0.2867777,-78.48917034,1,PEATON QUE CRUZA LA CALZADA SIN RESPETAR LA SENIALIZACION,ATROPELLO
2021,JUNIO,27/06/2021,-0.15312284,-78.46481322,1,CONDUCIR SUPERANDO LOS LIMITES DE VELOCIDAD,VOLCAMIENTO
2021,JULIO,01/07/2021,-0.32110497,-78.52092057,1,CONDUCIR SUPERANDO LOS LIMITES DE VELOCIDAD,ESTRELLAMIENTO
2021,JULIO,02/07/2021,-0.2224367,-78.4009342,1,CONDUCIR SUPERANDO LOS LIMITES DE VELOCIDAD,ESTRELLAMIENTO
2021,JULIO,02/07/2021,-0.19233483,-78.46058585,1,CONDUCIR SUPERANDO LOS LIMITES DE VELOCIDAD,ESTRELLAMIENTO
2021,JULIO,03/07/2021,-0.2372123,-78.48675038,1,CONDUCE BAJO LA INFLUENCIA DE ALCOHOL,ESTRELLAMIENTO
2021,JULIO,03/07/2021,-0.34757918,-78.55905982,1,NO TRANSITAR POR LAS ACERAS,ATROPELLO
2021,JULIO,04/07/2021,-0.23741622,-78.48437644,1,NO TRANSITAR POR LAS ACERAS,ATROPELLO
2021,JULIO,08/07/2021,-0.34742042,-78.55947328,1,PEATON QUE CRUZA LA CALZADA SIN RESPETAR LA SENIALIZACION,ATROPELLO
2021,JULIO,10/07/2021,-0.22385641,-78.34919303,1,CONDUCIR SUPERANDO LOS LIMITES DE VELOCIDAD,ESTRELLAMIENTO
2021,JULIO,11/07/2021,-0.27455623,-78.51093061,1,PEATON QUE CRUZA LA CALZADA SIN RESPETAR LA SENIALIZACION,ATROPELLO
2021,JULIO,14/07/2021,-0.08894162,-78.50612774,1,PEATON QUE CRUZA LA CALZADA SIN RESPETAR LA SENIALIZACION,ATROPELLO
2021,JULIO,18/07/2021,-0.35048802,-78.5492597,1,NO CEDER EL DERECHO DE VIA AL PEATON,ATROPELLO
2021,JULIO,18/07/2021,-0.1193645,-78.47134261,1,NO RESPETAR LAS SENIALES REGLAMENTARIAS,ATIPICO
2021,JULIO,20/07/2021,-0.11861914,-78.49180004,1,NO RESPETAR LAS SENIALES REGLAMENTARIAS,CHOQUES
2021,JULIO,21/07/2021,-0.27434541,-78.51072379,1,PEATON QUE CRUZA LA CALZADA SIN RESPETAR LA SENIALIZACION,ATROPELLO
2021,JULIO,23/07/2021,-0.33692567,-78.56569159,1,NO CEDER EL DERECHO DE VIA AL PEATON,ATROPELLO
2021,JULIO,24/07/2021,-0.24247478,-78.49748816,1,CONDUCIR SUPERANDO LOS LIMITES DE VELOCIDAD,CHOQUES
2021,JULIO,31/07/2021,-0.09604053,-78.4689077,1,CONDUCIR SUPERANDO LOS LIMITES DE VELOCIDAD,ATIPICO
2021,AGOSTO,01/08/2021,-0.21260681,-78.46352083,1,CONDUCIR SUPERANDO LOS LIMITES DE VELOCIDAD,VOLCAMIENTO
2021,AGOSTO,01/08/2021,-0.21952448,-78.52065326,1,CONDUCIR SUPERANDO LOS LIMITES DE VELOCIDAD,VOLCAMIENTO
2021,AGOSTO,03/08/2021,-0.29902921,-78.53138405,1,NO TRANSITAR POR LAS ACERAS,ATROPELLO
2021,AGOSTO,08/08/2021,-0.34859565,-78.54895496,2,NO RESPETAR LAS SENIALES REGLAMENTARIAS,CHOQUES
2021,AGOSTO,08/08/2021,-0.26216667,-78.45072427,1,FALLA MECANICA,ATIPICO
2021,AGOSTO,10/08/2021,-0.24275054,-78.53269792,1,CONDUCIR SUPERANDO LOS LIMITES DE VELOCIDAD,ATROPELLO
2021,AGOSTO,10/08/2021,-0.29307233,-78.56763292,1,REALIZAR CAMBIO BRUSCO O INDEBIDO DE CARRIL,CHOQUES
2021,AGOSTO,12/08/2021,-0.10860474,-78.47421914,1,CONDUCIR SUPERANDO LOS LIMITES DE VELOCIDAD,ATROPELLO
2021,AGOSTO,14/08/2021,-0.0960171,-78.41787913,1,CONDUCIR SUPERANDO LOS LIMITES DE VELOCIDAD,ESTRELLAMIENTO
2021,AGOSTO,18/08/2021,-0.24196222,-78.49513718,1,CONDUCIR SUPERANDO LOS LIMITES DE VELOCIDAD,ESTRELLAMIENTO
2021,AGOSTO,20/08/2021,-0.2984567,-78.52070922,1,NO TRANSITAR POR LAS ACERAS,ATROPELLO
2021,AGOSTO,20/08/2021,-0.19612943,-78.49963551,1,PEATON QUE CRUZA LA CALZADA SIN RESPETAR LA SENIALIZACION,ATROPELLO
2021,AGOSTO,24/08/2021,-0.13512197,-78.45325015,1,CONDUCIR SUPERANDO LOS LIMITES DE VELOCIDAD,PERDIDA DE CARRIL
2021,AGOSTO,27/08/2021,-0.23818246,-78.52558603,1,NO CEDER EL DERECHO DE VIA AL PEATON,ATROPELLO
2021,AGOSTO,27/08/2021,-0.30088861,-78.53414668,1,FALLA MECANICA,ATIPICO
2021,AGOSTO,28/08/2021,-0.28270023,-78.54440287,1,CONDUCIR SUPERANDO LOS LIMITES DE VELOCIDAD,ESTRELLAMIENTO
2021,AGOSTO,29/08/2021,-0.2737769,-78.51022222,3,CONDUCIR SUPERANDO LOS LIMITES DE VELOCIDAD,ESTRELLAMIENTO
2021,AGOSTO,29/08/2021,-0.13681151,-78.47359767,1,PEATON QUE CRUZA LA CALZADA SIN RESPETAR LA SENIALIZACION,ATROPELLO
2021,SEPTIEMBRE,02/09/2021,-0.30354722,-78.5217682,1,NO TRANSITAR POR LAS ACERAS,ATROPELLO
2021,SEPTIEMBRE,04/09/2021,-0.23431678,-78.4915043,1,CONDUCE BAJO LA INFLUENCIA DE ALCOHOL,ESTRELLAMIENTO
2021,SEPTIEMBRE,04/09/2021,-0.14838678,-78.49826018,1,CONDUCIR SUPERANDO LOS LIMITES DE VELOCIDAD,PERDIDA DE CARRIL
2021,SEPTIEMBRE,05/09/2021,-0.20346927,-78.50301042,1,CONDUCIR SUPERANDO LOS LIMITES DE VELOCIDAD,ATIPICO
2021,SEPTIEMBRE,05/09/2021,-0.22730813,-78.48747896,1,NO TRANSITAR POR LAS ACERAS,ATROPELLO
2021,SEPTIEMBRE,05/09/2021,-0.13678454,-78.47347278,1,NO RESPETAR LAS SENIALES REGLAMENTARIAS,CHOQUES
2021,SEPTIEMBRE,06/09/2021,-0.24263037,-78.49759731,1,CONDICIONES AMBIENTALES ADVERSAS,ESTRELLAMIENTO
2021,SEPTIEMBRE,06/09/2021,-0.05452713,-78.45796951,1,CONDUCIR SUPERANDO LOS LIMITES DE VELOCIDAD,ATIPICO
2021,SEPTIEMBRE,07/09/2021,-0.2781941,-78.51422678,1,CONDUCIR SUPERANDO LOS LIMITES DE VELOCIDAD,ATROPELLO
2021,SEPTIEMBRE,08/09/2021,-0.20236693,-78.43010091,1,ADELANTAR O REBASAR EN ZONAS PELIGROSAS,CHOQUES
2021,SEPTIEMBRE,09/09/2021,-0.15040809,-78.48419389,1,NO TRANSITAR POR LAS ACERAS,ATROPELLO
2021,SEPTIEMBRE,10/09/2021,-0.28055607,-78.53349324,1,NO TRANSITAR POR LAS ACERAS,ATROPELLO
2021,SEPTIEMBRE,14/09/2021,-0.35061991,-78.52302523,1,NO TRANSITAR POR LAS ACERAS,ATROPELLO
2021,SEPTIEMBRE,15/09/2021,-0.22257187,-78.52035252,1,NO TRANSITAR POR LAS ACERAS,ATROPELLO
2021,SEPTIEMBRE,17/09/2021,-0.28630614,-78.56378622,1,CONDUCIR SUPERANDO LOS LIMITES DE VELOCIDAD,ESTRELLAMIENTO
2021,SEPTIEMBRE,18/09/2021,-0.14805667,-78.44893589,1,NO TRANSITAR POR LAS ACERAS,ATROPELLO
2021,SEPTIEMBRE,21/09/2021,-0.28326775,-78.54357258,1,PEATON QUE CRUZA LA CALZADA SIN RESPETAR LA SENIALIZACION,ATROPELLO
2021,SEPTIEMBRE,25/09/2021,-0.21464104,-78.50049721,1,CONDUCE BAJO LA INFLUENCIA DE ALCOHOL,ATROPELLO
2021,SEPTIEMBRE,25/09/2021,-0.28861149,-78.51968928,1,CONDUCIR SUPERANDO LOS LIMITES DE VELOCIDAD,VOLCAMIENTO
2021,SEPTIEMBRE,25/09/2021,-0.27115815,-78.55366991,1,NO TRANSITAR POR LAS ACERAS,ATROPELLO
2021,SEPTIEMBRE,26/09/2021,-0.33078941,-78.35787744,1,NO TRANSITAR POR LAS ACERAS,ATROPELLO
2021,SEPTIEMBRE,26/09/2021,-0.30603009,-78.43793183,1,FALLA MECANICA,ESTRELLAMIENTO
2021,SEPTIEMBRE,29/09/2021,-0.13029759,-78.311429,1,FALLA MECANICA,ATROPELLO
2021,SEPTIEMBRE,29/09/2021,-0.2156172,-78.50409985,1,CONDICIONES AMBIENTALES ADVERSAS,ATROPELLO
2021,OCTUBRE,02/10/2021,-0.244339,-78.500871,1,NO TRANSITAR POR LAS ACERAS,ATROPELLO
2021,OCTUBRE,02/10/2021,-0.184454,-78.339633,1,CONDUCIR SUPERANDO LOS LIMITES DE VELOCIDAD,ESTRELLAMIENTO
2021,OCTUBRE,02/10/2021,-0.285130,-78.579962,1,FALLA MECANICA,ATIPICO
2021,OCTUBRE,07/10/2021,-0.292786,-78.479627,1,CONDUCIR SUPERANDO LOS LIMITES DE VELOCIDAD,VOLCAMIENTO
2021,OCTUBRE,09/10/2021,-0.299042,-78.531363,1,CONDUCE BAJO LA INFLUENCIA DE ALCOHOL,CHOQUES
2021,OCTUBRE,09/10/2021,-0.378291,-78.373835,1,CONDUCIR SUPERANDO LOS LIMITES DE VELOCIDAD,ATIPICO
2021,OCTUBRE,10/10/2021,-0.196943,-78.466891,1,CONDICIONES AMBIENTALES ADVERSAS,ESTRELLAMIENTO
2021,OCTUBRE,13/10/2021,-0.232262,-78.505321,1,NO CEDER EL DERECHO DE VIA AL PEATON,ATIPICO
2021,OCTUBRE,14/10/2021,-0.102184,-78.463314,1,PEATON QUE CRUZA LA CALZADA SIN RESPETAR LA SENIALIZACION,ATROPELLO
2021,OCTUBRE,14/10/2021,-0.138727,-78.501355,1,NO TRANSITAR POR LAS ACERAS,ATROPELLO
2021,OCTUBRE,17/10/2021,-0.192117,-78.488416,1,CONDUCE BAJO LA INFLUENCIA DE ALCOHOL,CHOQUES
2021,OCTUBRE,20/10/2021,-0.183043,-78.489461,1,CONDUCIR SUPERANDO LOS LIMITES DE VELOCIDAD,VOLCAMIENTO
2021,OCTUBRE,22/10/2021,-0.253343,-78.537209,1,NO RESPETAR LAS SENIALES REGLAMENTARIAS,ATROPELLO
2021,OCTUBRE,22/10/2021,-0.321435,-78.486306,1,FALLA MECANICA,ESTRELLAMIENTO
2021,OCTUBRE,23/10/2021,-0.263664,-78.505838,1,CONDUCIR SUPERANDO LOS LIMITES DE VELOCIDAD,ATIPICO
2021,OCTUBRE,28/10/2021,-0.24483,-78.514223,1,CONDUCIR SUPERANDO LOS LIMITES DE VELOCIDAD,VOLCAMIENTO
2021,OCTUBRE,30/10/2021,-0.242316,-78.495978,1,CONDUCE BAJO LA INFLUENCIA DE ALCOHOL,ATROPELLO
2021,OCTUBRE,30/10/2021,-0.242548,-78.518704,1,CONDUCIR SUPERANDO LOS LIMITES DE VELOCIDAD,ESTRELLAMIENTO
2021,OCTUBRE,30/10/2021,-0.100148,-78.471837,2,NO RESPETAR LAS SENIALES REGLAMENTARIAS,ATIPICO
2021,OCTUBRE,30/10/2021,-0.109117,-78.488759,1,PEATON QUE CRUZA LA CALZADA SIN RESPETAR LA SENIALIZACION,ATROPELLO
2021,OCTUBRE,31/10/2021,-0.117978,-78.506579,1,CONDUCIR SUPERANDO LOS LIMITES DE VELOCIDAD,ATROPELLO
2021,NOVIEMBRE,01/11/2021,-0.303392,-78.547800,1,CONDUCE BAJO LA INFLUENCIA DE ALCOHOL,ATROPELLO
2021,NOVIEMBRE,04/11/2021,-0.147322,-78.493140,1,PEATON QUE CRUZA LA CALZADA SIN RESPETAR LA SENIALIZACION,ATROPELLO
2021,NOVIEMBRE,07/11/2021,-0.217383,-78.399349,2,CONDUCE BAJO LA INFLUENCIA DE ALCOHOL,CHOQUES
2021,NOVIEMBRE,07/11/2021,-0.123748,-78.502110,1,NO TRANSITAR POR LAS ACERAS,ATROPELLO
2021,NOVIEMBRE,13/11/2021,-0.120232,-78.47998,1,CONDUCIR SUPERANDO LOS LIMITES DE VELOCIDAD,ESTRELLAMIENTO
2021,NOVIEMBRE,14/11/2021,-0.319126,-78.527504,1,NO TRANSITAR POR LAS ACERAS,ATROPELLO
2021,NOVIEMBRE,14/11/2021,-0.288191,-78.528862,1,CONDUCIR SUPERANDO LOS LIMITES DE VELOCIDAD,ATIPICO
2021,NOVIEMBRE,17/11/2021,-0.086303,-78.511851,1,NO CEDER EL DERECHO VIA A VEHICULOS,CHOQUES
2021,NOVIEMBRE,19/11/2021,-0.210546,-78.494135,1,FALLA MECANICA,ESTRELLAMIENTO
2021,NOVIEMBRE,20/11/2021,-0.203145,-78.458468,2,REALIZAR CAMBIO BRUSCO O INDEBIDO DE CARRIL,ATIPICO
2021,NOVIEMBRE,20/11/2021,-0.218664,-78.466496,1,CONDUCIR SUPERANDO LOS LIMITES DE VELOCIDAD,CHOQUES
2021,NOVIEMBRE,20/11/2021,-0.358350,-78.548956,1,CONDICIONES AMBIENTALES ADVERSAS,ATIPICO
2021,NOVIEMBRE,20/11/2021,-0.260376,-78.529386,1,NO TRANSITAR POR LAS ACERAS,ATROPELLO
2021,NOVIEMBRE,21/11/2021,-0.083718,-78.504461,1,REALIZAR CAMBIO BRUSCO O INDEBIDO DE CARRIL,ESTRELLAMIENTO
2021,NOVIEMBRE,21/11/2021,-0.291807,-78.558468,1,CONDUCIR SUPERANDO LOS LIMITES DE VELOCIDAD,ESTRELLAMIENTO
2021,NOVIEMBRE,26/11/2021,-0.211261,-78.414063,1,CONDICIONES AMBIENTALES ADVERSAS,ESTRELLAMIENTO
2021,NOVIEMBRE,27/11/2021,-0.197867,-78.498227,1,NO TRANSITAR POR LAS ACERAS,ATROPELLO
2021,NOVIEMBRE,28/11/2021,-0.329802,-78.567079,1,NO TRANSITAR POR LAS ACERAS,ATROPELLO
2021,DICIEMBRE,03/12/2021,-0.210558,-78.386186,1,PEATON QUE CRUZA LA CALZADA SIN RESPETAR LA SENIALIZACION,ATROPELLO
2021,DICIEMBRE,06/12/2021,-0.301964,-78.542313,1,CONDUCIR SUPERANDO LOS LIMITES DE VELOCIDAD,ESTRELLAMIENTO
2021,DICIEMBRE,07/12/2021,-0.218664,-78.466496,1,CONDUCIR SUPERANDO LOS LIMITES DE VELOCIDAD,CHOQUES
2021,DICIEMBRE,10/12/2021,-0.212177,-78.362180,1,CONDUCIR SUPERANDO LOS LIMITES DE VELOCIDAD,CHOQUES
2021,DICIEMBRE,11/12/2021,-0.10933,-78.457959,1,CONDUCIR SUPERANDO LOS LIMITES DE VELOCIDAD,VOLCAMIENTO
2021,DICIEMBRE,11/12/2021,-0.126770,-78.448087,1,CONDICIONES AMBIENTALES ADVERSAS,ATROPELLO
2021,DICIEMBRE,11/12/2021,-0.096189,-78.469013,1,CONDUCIR SUPERANDO LOS LIMITES DE VELOCIDAD,ESTRELLAMIENTO
2021,DICIEMBRE,18/12/2021,-0.239373,-78.492524,1,CONDUCE BAJO LA INFLUENCIA DE ALCOHOL,ATROPELLO
2021,DICIEMBRE,18/12/2021,-0.214736,-78.443049,2,CONDUCIR SUPERANDO LOS LIMITES DE VELOCIDAD,CHOQUES
2021,DICIEMBRE,19/12/2021,-0.254778,-78.503686,1,NO TRANSITAR POR LAS ACERAS,ATROPELLO
2021,DICIEMBRE,19/12/2021,-0.252168,-78.53922,1,NO CEDER EL DERECHO VIA A VEHICULOS,CHOQUES
2021,DICIEMBRE,19/12/2021,-0.19775,-78.500036,1,NO RESPETAR LAS SENIALES REGLAMENTARIAS,ATIPICO
2021,DICIEMBRE,21/12/2021,-0.111793,-78.463455,1,CONDUCIR SUPERANDO LOS LIMITES DE VELOCIDAD,VOLCAMIENTO
2021,DICIEMBRE,22/12/2021,-0.085163,-78.472756,1,NO CEDER EL DERECHO DE VIA AL PEATON,ATROPELLO
2021,DICIEMBRE,23/12/2021,-0.286763,-78.519352,1,NO TRANSITAR POR LAS ACERAS,ATROPELLO
2021,DICIEMBRE,24/12/2021,-0.104009,-78.422184,1,PEATON QUE CRUZA LA CALZADA SIN RESPETAR LA SENIALIZACION,ATROPELLO
2021,DICIEMBRE,25/12/2021,-0.104506,-78.428048,1,NO TRANSITAR POR LAS ACERAS,ATROPELLO
2021,DICIEMBRE,26/12/2021,-0.206412,-78.370255,1,CONDUCIR SUPERANDO LOS LIMITES DE VELOCIDAD,VOLCAMIENTO
2021,DICIEMBRE,31/12/2021,-0.229029,-78.500790,1,CONDUCIR SUPERANDO LOS LIMITES DE VELOCIDAD,PERDIDA DE CARRIL
2021,DICIEMBRE,31/12/2021,-0.212477,-78.372575,1,NO CEDER EL DERECHO DE VIA AL PEATON,ATROPELLO
2021,DICIEMBRE,31/12/2021,-0.203300,-78.495581,1,CONDUCIR SUPERANDO LOS LIMITES DE VELOCIDAD,ATROPELLO
2022,ENERO,02/01/2022,-0.328392,-78.51893274,1,CONDUCIR SUPERANDO LOS LIMITES DE VELOCIDAD,ESTRELLAMIENTO
2022,ENERO,02/01/2022,-0.18873172,-78.44764442,1,CONDUCIR SUPERANDO LOS LIMITES DE VELOCIDAD,ESTRELLAMIENTO
2022,ENERO,03/01/2022,-0.24247478,-78.49748816,1,CONDUCIR SUPERANDO LOS LIMITES DE VELOCIDAD,ESTRELLAMIENTO
2022,ENERO,08/01/2022,-0.21416318,-78.37584818,1,NO TRANSITAR POR LAS ACERAS,ATROPELLO
2022,ENERO,08/01/2022,-0.21587063,-78.45654116,1,CONDUCIR SUPERANDO LOS LIMITES DE VELOCIDAD,ATIPICO
2022,ENERO,08/01/2022,-0.10861377,-78.45446041,1,NO TRANSITAR POR LAS ACERAS,ATROPELLO
2022,ENERO,11/01/2022,-0.22753468,-78.50735243,1,PEATON QUE CRUZA LA CALZADA SIN RESPETAR LA SENIALIZACION,ATROPELLO
2022,ENERO,11/01/2022,-0.09819091,-78.47018074,1,PEATON QUE CRUZA LA CALZADA SIN RESPETAR LA SENIALIZACION,ATROPELLO
2022,ENERO,13/01/2022,-0.10743815,-78.4474058,1,CONDICIONES AMBIENTALES ADVERSAS,ATIPICO
2022,ENERO,13/01/2022,-0.26172025,-78.54763709,1,CONDUCIR SUPERANDO LOS LIMITES DE VELOCIDAD,CAIDA DE PASAJERO
2022,ENERO,23/01/2022,-0.27743476,-78.51353138,1,CONDUCIR SUPERANDO LOS LIMITES DE VELOCIDAD,ESTRELLAMIENTO
2022,ENERO,24/01/2022,-0.24552516,-78.50113702,1,NO TRANSITAR POR LAS ACERAS,ATROPELLO
2022,ENERO,25/01/2022,-0.11490533,-78.47921085,1,CONDUCIR SUPERANDO LOS LIMITES DE VELOCIDAD,ESTRELLAMIENTO
2022,ENERO,25/01/2022,-0.15036488,-78.45313225,1,CONDUCIR EN MALAS CONDICIONES FISICAS,PERDIDA DE CARRIL
2022,ENERO,29/01/2022,-0.26379216,-78.50616698,1,NO TRANSITAR POR LAS ACERAS,ATROPELLO
2022,ENERO,31/01/2022,-0.17733725,-78.47356425,1,CONDICIONES AMBIENTALES ADVERSAS,ATIPICO
2022,FEBRERO,06/02/2022,-0.27643361,-78.55248693,1,CONDUCIR SUPERANDO LOS LIMITES DE VELOCIDAD,PERDIDA DE CARRIL
2022,FEBRERO,06/02/2022,-0.06964183,-78.4284604,1,CONDUCIR SUPERANDO LOS LIMITES DE VELOCIDAD,PERDIDA DE CARRIL
2022,FEBRERO,08/02/2022,-0.18210762,-78.48780647,1,REALIZAR CAMBIO BRUSCO O INDEBIDO DE CARRIL,ROCE
2022,FEBRERO,10/02/2022,-0.29769636,-78.53113326,1,NO TRANSITAR POR LAS ACERAS,ATROPELLO
2022,FEBRERO,12/02/2022,-0.20614997,-78.50901426,1,DEJAR O RECOGER PASAJEROS EN LUGARES NO PERMITIDOS,CAIDA DE PASAJERO
2022,FEBRERO,12/02/2022,-0.10889948,-78.48854384,1,CONDICIONES AMBIENTALES ADVERSAS,PERDIDA DE CARRIL
2022,FEBRERO,13/02/2022,-0.27884255,-78.54777297,2,CONDUCIR SUPERANDO LOS LIMITES DE VELOCIDAD,CHOQUES
2022,FEBRERO,13/02/2022,-0.1041066,-78.46275698,1,CONDUCE BAJO LA INFLUENCIA DE ALCOHOL,CHOQUES
2022,FEBRERO,13/02/2022,-0.06015408,-78.43353339,1,CONDUCE BAJO LA INFLUENCIA DE ALCOHOL,ATROPELLO
2022,FEBRERO,16/02/2022,-0.05556517,-78.34433176,1,CONDUCIR SUPERANDO LOS LIMITES DE VELOCIDAD,ATROPELLO
2022,FEBRERO,17/02/2022,-0.21838047,-78.52148255,1,NO CEDER EL DERECHO DE VIA AL PEATON,ATROPELLO
2022,FEBRERO,19/02/2022,-0.08890974,-78.44654225,1,NO RESPETAR LAS SENIALES REGLAMENTARIAS,CHOQUES
2022,FEBRERO,25/02/2022,-0.21534064,-78.39259596,1,CONDUCIR SUPERANDO LOS LIMITES DE VELOCIDAD,CHOQUES
2022,FEBRERO,26/02/2022,-0.24246415,-78.4827542,1,NO TRANSITAR POR LAS ACERAS,ATROPELLO
2022,FEBRERO,26/02/2022,-0.2233472,-78.5079182,1,PEATON QUE CRUZA LA CALZADA SIN RESPETAR LA SENIALIZACION,ATROPELLO
2022,FEBRERO,26/02/2022,-0.20933285,-78.49233878,1,CONDUCIR SUPERANDO LOS LIMITES DE VELOCIDAD,ESTRELLAMIENTO
2022,FEBRERO,27/02/2022,-0.08540874,-78.50985051,1,PEATON QUE CRUZA LA CALZADA SIN RESPETAR LA SENIALIZACION,ATROPELLO
2022,FEBRERO,27/02/2022,-0.1912068,-78.48085344,1,NO RESPETAR LAS SENIALES REGLAMENTARIAS,CHOQUES
2022,FEBRERO,28/02/2022,-0.21554905,-78.38045135,1,CONDICIONES AMBIENTALES ADVERSAS,ESTRELLAMIENTO
2022,FEBRERO,28/02/2022,-0.25216845,-78.53922032,1,NO CEDER EL DERECHO DE VIA AL PEATON,ATROPELLO
2022,FEBRERO,28/02/2022,-0.24200418,-78.54300307,1,NO TRANSITAR POR LAS ACERAS,ATROPELLO
2022,MARZO,01/03/2022,-0.27952796,-78.55801818,1,NO RESPETAR LAS SENIALES REGLAMENTARIAS,CHOQUES
2022,MARZO,03/03/2022,-0.1092352,-78.48906039,1,NO CEDER EL DERECHO DE VIA AL PEATON,ATROPELLO
2022,MARZO,04/03/2022,-0.21239582,-78.36209267,1,PEATON QUE CRUZA LA CALZADA SIN RESPETAR LA SENIALIZACION,ATROPELLO
2022,MARZO,05/03/2022,-0.23747807,-78.4846232,1,CONDUCIR SUPERANDO LOS LIMITES DE VELOCIDAD,PERDIDA DE CARRIL
2022,MARZO,11/03/2022,-0.21221146,-78.48406323,1,NO CEDER EL DERECHO DE VIA AL PEATON,ATROPELLO
2022,MARZO,13/03/2022,-0.24408639,-78.47558696,1,CONDUCIR SUPERANDO LOS LIMITES DE VELOCIDAD,PERDIDA DE CARRIL
2022,MARZO,13/03/2022,-0.22121846,-78.39684751,1,CONDUCIR SUPERANDO LOS LIMITES DE VELOCIDAD,PERDIDA DE CARRIL
2022,MARZO,13/03/2022,-0.10771802,-78.4469953,1,CONDUCIR SUPERANDO LOS LIMITES DE VELOCIDAD,ATROPELLO
2022,MARZO,19/03/2022,-0.2229515,-78.40290708,1,CONDUCIR SUPERANDO LOS LIMITES DE VELOCIDAD,PERDIDA DE CARRIL
2022,MARZO,20/03/2022,-0.328012,-78.540462,1,CASO FORTUITO O FUERZA MAYOR,ATIPICO
2022,MARZO,20/03/2022,-0.28733284,-78.43943255,1,NO CEDER EL DERECHO DE VIA AL PEATON,ATROPELLO
2022,MARZO,23/03/2022,-0.11857724,-78.44435272,1,CONDUCIR SUPERANDO LOS LIMITES DE VELOCIDAD,PERDIDA DE CARRIL
2022,MARZO,27/03/2022,-0.26275236,-78.52308518,1,CONDUCIR SUPERANDO LOS LIMITES DE VELOCIDAD,ATIPICO
2022,MARZO,29/03/2022,-0.26102285,-78.53859885,1,CONDICIONES AMBIENTALES ADVERSAS,CHOQUES
2022,ABRIL,01/04/2022,-0.19759346,-78.48368686,1,REALIZAR CAMBIO BRUSCO O INDEBIDO DE CARRIL,ATIPICO
2022,ABRIL,02/04/2022,-0.28990149,-78.52039054,1,CONDUCIR SUPERANDO LOS LIMITES DE VELOCIDAD,VOLCAMIENTO
2022,ABRIL,02/04/2022,-0.23431678,-78.4915043,1,NO TRANSITAR POR LAS ACERAS,ATROPELLO
2022,ABRIL,02/04/2022,-0.30447023,-78.47752722,1,CONDUCIR SUPERANDO LOS LIMITES DE VELOCIDAD,PERDIDA DE CARRIL
2022,ABRIL,03/04/2022,-0.1587167,-78.4854445,1,CONDUCIR SUPERANDO LOS LIMITES DE VELOCIDAD,PERDIDA DE CARRIL
2022,ABRIL,05/04/2022,-0.23716102,-78.48565877,1,DETERNER O ESTACIONAR EL VEHICULO EN ZONAS DE PELIGRO,ATIPICO
2022,ABRIL,06/04/2022,-0.29910349,-78.42809022,1,CONDUCE BAJO LA INFLUENCIA DE ALCOHOL,CHOQUES
2022,ABRIL,07/04/2022,-0.28305243,-78.46676762,1,NO TRANSITAR POR LAS ACERAS,ATROPELLO
2022,ABRIL,09/04/2022,-0.32852641,-78.51906561,1,NO TRANSITAR POR LAS ACERAS,ATROPELLO
2022,ABRIL,09/04/2022,-0.21919602,-78.52042976,1,CONDUCIR SUPERANDO LOS LIMITES DE VELOCIDAD,VOLCAMIENTO
2022,ABRIL,10/04/2022,-0.33842938,-78.52867438,1,CONDUCIR SUPERANDO LOS LIMITES DE VELOCIDAD,ATIPICO
2022,ABRIL,13/04/2022,-0.17543602,-78.50136501,1,CONDUCIR SUPERANDO LOS LIMITES DE VELOCIDAD,ESTRELLAMIENTO
2022,ABRIL,17/04/2022,-0.29583956,-78.52039791,2,CONDUCIR SUPERANDO LOS LIMITES DE VELOCIDAD,ESTRELLAMIENTO
2022,ABRIL,24/04/2022,-0.23766589,-78.50923608,1,REALIZAR CAMBIO BRUSCO O INDEBIDO DE CARRIL,ATIPICO
2022,ABRIL,25/04/2022,-0.22210633,-78.41672372,1,CONDUCIR SUPERANDO LOS LIMITES DE VELOCIDAD,ESTRELLAMIENTO
2022,ABRIL,27/04/2022,-0.11415483,-78.45598441,1,PEATON QUE CRUZA LA CALZADA SIN RESPETAR LA SENIALIZACION,ATROPELLO
2022,ABRIL,27/04/2022,-0.29714884,-78.5346076,1,FALLA MECANICA,VOLCAMIENTO
2022,ABRIL,30/04/2022,-0.14634814,-78.4990629,1,PEATON QUE CRUZA LA CALZADA SIN RESPETAR LA SENIALIZACION,ATROPELLO
2022,ABRIL,30/04/2022,-0.12936891,-78.48135301,1,CONDUCE BAJO LA INFLUENCIA DE ALCOHOL,CHOQUES
2022,MAYO,01/05/2022,-0.27112517,-78.55199835,1,CONDUCIR SUPERANDO LOS LIMITES DE VELOCIDAD,CHOQUES
2022,MAYO,01/05/2022,-0.16147329,-78.32005926,1,NO TRANSITAR POR LAS ACERAS,ATROPELLO
2022,MAYO,02/05/2022,-0.18993889,-78.49690266,1,NO TRANSITAR POR LAS ACERAS,ATROPELLO
2022,MAYO,03/05/2022,0.21466291,-78.90202,1,CONDUCIR SUPERANDO LOS LIMITES DE VELOCIDAD,PERDIDA DE CARRIL
2022,MAYO,04/05/2022,-0.2144008,-78.45768715,1,CONDUCIR SUPERANDO LOS LIMITES DE VELOCIDAD,CHOQUES
2022,MAYO,04/05/2022,-0.22049443,-78.51078265,1,NO CEDER EL DERECHO DE VIA AL PEATON,ATROPELLO
2022,MAYO,05/05/2022,-0.3081253,-78.54468046,1,NO RESPETAR LAS SENIALES REGLAMENTARIAS,ATIPICO
2022,MAYO,05/05/2022,-0.20135161,-78.49737317,1,NO TRANSITAR POR LAS ACERAS,ATROPELLO
2022,MAYO,06/05/2022,-0.069766,-78.42002928,1,CONDUCIR SUPERANDO LOS LIMITES DE VELOCIDAD,PERDIDA DE CARRIL
2022,MAYO,08/05/2022,-0.27523364,-78.55264179,1,NO RESPETAR LAS SENIALES REGLAMENTARIAS,CHOQUES
2022,MAYO,08/05/2022,-0.30569501,-78.34294959,1,CONDUCIR SUPERANDO LOS LIMITES DE VELOCIDAD,ESTRELLAMIENTO
2022,MAYO,12/05/2022,-0.0889275,-78.45664306,1,CONDUCIR SUPERANDO LOS LIMITES DE VELOCIDAD,PERDIDA DE CARRIL
2022,MAYO,13/05/2022,-0.22257187,-78.52035252,1,NO TRANSITAR POR LAS ACERAS,ATROPELLO
2022,MAYO,14/05/2022,-0.33366946,-78.55652446,1,FALLA MECANICA,ATROPELLO
2022,MAYO,21/05/2022,-0.1049353,-78.43125219,1,CONDUCIR SUPERANDO LOS LIMITES DE VELOCIDAD,PERDIDA DE CARRIL
2022,MAYO,21/05/2022,-0.1440977,-78.49994161,1,PEATON QUE CRUZA LA CALZADA SIN RESPETAR LA SENIALIZACION,ATROPELLO
2022,MAYO,21/05/2022,-0.20435151,-78.50330516,1,CONDUCIR SUPERANDO LOS LIMITES DE VELOCIDAD,CHOQUES
2022,MAYO,22/05/2022,-0.21639096,-78.46533444,1,CONDUCIR SUPERANDO LOS LIMITES DE VELOCIDAD,PERDIDA DE CARRIL
2022,MAYO,22/05/2022,-0.24334703,-78.51999183,1,CONDUCIR SUPERANDO LOS LIMITES DE VELOCIDAD,CHOQUES
2022,MAYO,25/05/2022,-0.10446409,-78.42824416,1,CONDUCIR SUPERANDO LOS LIMITES DE VELOCIDAD,ATROPELLO
2022,MAYO,25/05/2022,-0.10553443,-78.4330129,1,CONDUCIR SUPERANDO LOS LIMITES DE VELOCIDAD,CHOQUES
2022,MAYO,27/05/2022,-0.28563172,-78.56021529,1,CONDUCIR SUPERANDO LOS LIMITES DE VELOCIDAD,ATROPELLO
2022,JUNIO,01/06/2022,-0.21974463,-78.52082891,1,NO TRANSITAR POR LAS ACERAS,ATROPELLO
2022,JUNIO,08/06/2022,-0.10769496,-78.44742906,1,NO TRANSITAR POR LAS ACERAS,ATROPELLO
2022,JUNIO,08/06/2022,-0.2822459,-78.54511762,1,NO TRANSITAR POR LAS ACERAS,ATROPELLO
2022,JUNIO,11/06/2022,-0.22345715,-78.41444928,1,CONDUCIR SUPERANDO LOS LIMITES DE VELOCIDAD,CHOQUES
2022,JUNIO,12/06/2022,-0.21240799,-78.37246897,1,NO TRANSITAR POR LAS ACERAS,ATROPELLO
2022,JUNIO,12/06/2022,-0.30856302,-78.56239542,1,NO TRANSITAR POR LAS ACERAS,ATROPELLO
2022,JUNIO,12/06/2022,-0.13571046,-78.48226423,1,CONDUCIR SUPERANDO LOS LIMITES DE VELOCIDAD,ATIPICO
2022,JUNIO,18/06/2022,-0.28276875,-78.51721251,1,CONDUCIR SUPERANDO LOS LIMITES DE VELOCIDAD,PERDIDA DE CARRIL
2022,JUNIO,18/06/2022,-0.2054316,-78.51161429,1,ADELANTAR O REBASAR EN ZONAS PELIGROSAS,ESTRELLAMIENTO
2022,JUNIO,21/06/2022,-0.3032498,-78.52164653,1,PEATON QUE CRUZA LA CALZADA SIN RESPETAR LA SENIALIZACION,ATROPELLO
2022,JUNIO,23/06/2022,-0.22466544,-78.34839546,1,CONDICIONES AMBIENTALES ADVERSAS,ESTRELLAMIENTO
2022,JUNIO,26/06/2022,-0.10454403,-78.42802802,1,CONDUCIR SUPERANDO LOS LIMITES DE VELOCIDAD,CHOQUES
2022,JUNIO,26/06/2022,-0.10444395,-78.42811713,4,CONDUCIR SUPERANDO LOS LIMITES DE VELOCIDAD,CHOQUES
2022,JUNIO,27/06/2022,-0.24971356,-78.51720522,1,NO TRANSITAR POR LAS ACERAS,ATROPELLO
2022,JUNIO,27/06/2022,-0.15646459,-78.48514285,1,CONDUCIR SUPERANDO LOS LIMITES DE VELOCIDAD,ESTRELLAMIENTO
2022,JULIO,03/07/2022,-0.11601437,-78.47958953,1,NO CEDER EL DERECHO DE VIA AL PEATON,ATROPELLO
2022,JULIO,05/07/2022,-0.28830167,-78.44329909,1,CONDUCIR SUPERANDO LOS LIMITES DE VELOCIDAD,ATIPICO
2022,JULIO,07/07/2022,-0.24385425,-78.47562346,1,CONDUCIR SUPERANDO LOS LIMITES DE VELOCIDAD,ESTRELLAMIENTO
2022,JULIO,11/07/2022,-0.26126395,-78.50430051,1,CONDUCIR SUPERANDO LOS LIMITES DE VELOCIDAD,ESTRELLAMIENTO
2022,JULIO,15/07/2022,-0.33111366,-78.55064651,1,NO TRANSITAR POR LAS ACERAS,ATROPELLO
2022,JULIO,16/07/2022,-0.18243397,-78.45111756,1,CONDUCIR SUPERANDO LOS LIMITES DE VELOCIDAD,ATIPICO
2022,JULIO,19/07/2022,-0.22120812,-78.41885706,1,CONDUCIR SUPERANDO LOS LIMITES DE VELOCIDAD,PERDIDA DE CARRIL
2022,JULIO,20/07/2022,-0.26589566,-78.55109112,1,CONDUCIR SUPERANDO LOS LIMITES DE VELOCIDAD,ESTRELLAMIENTO
2022,JULIO,21/07/2022,-0.22012562,-78.49500299,1,CONDUCIR SUPERANDO LOS LIMITES DE VELOCIDAD,CHOQUES
2022,JULIO,22/07/2022,-0.18929145,-78.45317921,1,PEATON QUE CRUZA LA CALZADA SIN RESPETAR LA SENIALIZACION,ATROPELLO
2022,JULIO,24/07/2022,-0.15118941,-78.46529268,1,CONDICIONES AMBIENTALES ADVERSAS,ATROPELLO
2022,JULIO,26/07/2022,-0.25497705,-78.50358432,1,NO TRANSITAR POR LAS ACERAS,ATROPELLO
2022,JULIO,29/07/2022,-0.32700319,-78.55324527,1,PEATON QUE CRUZA LA CALZADA SIN RESPETAR LA SENIALIZACION,ATROPELLO
2022,JULIO,29/07/2022,-0.18401265,-78.50939178,1,REALIZAR CAMBIO BRUSCO O INDEBIDO DE CARRIL,ATIPICO
2022,JULIO,30/07/2022,-0.09300657,-78.43500533,1,PEATON QUE CRUZA LA CALZADA SIN RESPETAR LA SENIALIZACION,ATROPELLO
2022,JULIO,31/07/2022,-0.08599027,-78.45523638,1,REALIZAR CAMBIO BRUSCO O INDEBIDO DE CARRIL,ATIPICO
2022,JULIO,31/07/2022,-0.27274216,-78.50907002,1,CONDUCIR SUPERANDO LOS LIMITES DE VELOCIDAD,ESTRELLAMIENTO
2022,JULIO,31/07/2022,-0.08962674,-78.4996342,1,CONDUCIR SUPERANDO LOS LIMITES DE VELOCIDAD,ATIPICO
2022,AGOSTO,03/08/2022,-0.248158,-78.580054,1,NO CEDER EL DERECHO VIA A VEHICULOS,CHOQUES
2022,AGOSTO,05/08/2022,-0.1579,-78.4465,1,CONDUCIR SUPERANDO LOS LIMITES DE VELOCIDAD,CHOQUES
2022,AGOSTO,06/08/2022,-0.289921,-78.538739,1,CONDUCIR SUPERANDO LOS LIMITES DE VELOCIDAD,CHOQUES
2022,AGOSTO,06/08/2022,-0.288291,-78.443275,1,REALIZAR CAMBIO BRUSCO O INDEBIDO DE CARRIL,CHOQUES
2022,AGOSTO,07/08/2022,-0.07101,-78.456745,1,CONDICIONES AMBIENTALES ADVERSAS,ATROPELLO
2022,AGOSTO,10/08/2022,-0.245146,-78.514071,1,NO RESPETAR LAS SENIALES REGLAMENTARIAS,ATROPELLO
2022,AGOSTO,12/08/2022,-0.193419,-78.464672,1,CONDUCIR SUPERANDO LOS LIMITES DE VELOCIDAD,ATIPICO
2022,AGOSTO,12/08/2022,-0.183468,-78.508981,1,CONDUCIR SUPERANDO LOS LIMITES DE VELOCIDAD,ATIPICO
2022,AGOSTO,14/08/2022,-0.2435866,-78.48232,1,CONDUCIR SUPERANDO LOS LIMITES DE VELOCIDAD,VOLCAMIENTO
2022,AGOSTO,19/08/2022,-0.330717458,-78.550663,1,CONDUCIR SUPERANDO LOS LIMITES DE VELOCIDAD,ATROPELLO
2022,AGOSTO,25/08/2022,-0.248911,-78.502266,1,NO CEDER EL DERECHO DE VIA AL PEATON,ATROPELLO
2022,AGOSTO,25/08/2022,-0.211088,-78.498284,1,NO RESPETAR LAS SENIALES REGLAMENTARIAS,CHOQUES
2022,AGOSTO,27/08/2022,-0.069229,-78.431721,1,CONDUCE BAJO LA INFLUENCIA DE ALCOHOL,PERDIDA DE CARRIL
2022,AGOSTO,29/08/2022,-0.060823,-78.465275,1,CONDUCIR SUPERANDO LOS LIMITES DE VELOCIDAD,PERDIDA DE CARRIL
2022,SEPTIEMBRE,02/09/2022,-0.086679,-78.425606,1,NO RESPETAR LAS SENIALES REGLAMENTARIAS,CHOQUES
2022,SEPTIEMBRE,03/09/2022,-0.212967,-78.373454,2,CONDUCE BAJO LA INFLUENCIA DE ALCOHOL,CHOQUES
2022,SEPTIEMBRE,04/09/2022,-0.02231,-78.505663,2,CONDUCIR SUPERANDO LOS LIMITES DE VELOCIDAD,VOLCAMIENTO
2022,SEPTIEMBRE,07/09/2022,-0.302566,-78.553916,1,CONDUCIR SUPERANDO LOS LIMITES DE VELOCIDAD,PERDIDA DE CARRIL
2022,SEPTIEMBRE,08/09/2022,-0.056788,-78.451009,1,CONDUCIR SUPERANDO LOS LIMITES DE VELOCIDAD,ATROPELLO
2022,SEPTIEMBRE,08/09/2022,-0.196052,-78.441978,1,CONDUCIR EN MALAS CONDICIONES FISICAS,ESTRELLAMIENTO
2022,SEPTIEMBRE,15/09/2022,0.103115,-78.36429,1,REALIZAR CAMBIO BRUSCO O INDEBIDO DE CARRIL,VOLCAMIENTO
2022,SEPTIEMBRE,17/09/2022,-0.220401,-78.353048,1,CONDUCIR SUPERANDO LOS LIMITES DE VELOCIDAD,VOLCAMIENTO
2022,SEPTIEMBRE,18/09/2022,-0.220775,-78.352648,1,NO CEDER EL DERECHO DE VIA AL PEATON,ATROPELLO
2022,SEPTIEMBRE,18/09/2022,-0.019455,-78.449317,1,CONDUCIR SUPERANDO LOS LIMITES DE VELOCIDAD,VOLCAMIENTO
2022,SEPTIEMBRE,18/09/2022,-0.1856,-78.48738,1,NO GUARDAR LA DISTANCIA LATERAL ENTRE VEHICULOS,ROCE
2022,SEPTIEMBRE,19/09/2022,-0.255758,-78.541969,1,NO TRANSITAR POR LAS ACERAS,ATROPELLO
2022,SEPTIEMBRE,20/09/2022,0.066078,-78.372368,1,REALIZAR CAMBIO BRUSCO O INDEBIDO DE CARRIL,CHOQUES
2022,SEPTIEMBRE,22/09/2022,-0.276003,-78.552241,1,NO TRANSITAR POR LAS ACERAS,ATROPELLO
2022,SEPTIEMBRE,25/09/2022,-0.20614,-78.483119,1,REALIZAR CAMBIO BRUSCO O INDEBIDO DE CARRIL,CHOQUES
2022,SEPTIEMBRE,25/09/2022,-0.276699,-78.522086,1,CONDUCIR SUPERANDO LOS LIMITES DE VELOCIDAD,ATIPICO
2022,SEPTIEMBRE,28/09/2022,-0.210465,-78.364094,2,CONDUCE BAJO LA INFLUENCIA DE ALCOHOL,ATIPICO
2022,OCTUBRE,01/10/2022,0.170936,-78.411545,1,CONDUCIR SUPERANDO LOS LIMITES DE VELOCIDAD,ATIPICO
2022,OCTUBRE,01/10/2022,-0.097237,-78.500116,1,CONDUCIR SUPERANDO LOS LIMITES DE VELOCIDAD,ATIPICO
2022,OCTUBRE,02/10/2022,-0.384518333,-78.368115,1,CONDUCIR SUPERANDO LOS LIMITES DE VELOCIDAD,ESTRELLAMIENTO
2022,OCTUBRE,02/10/2022,-0.224503,-78.521459,1,CONDUCIR EN MALAS CONDICIONES FISICAS,ESTRELLAMIENTO
2022,OCTUBRE,03/10/2022,-0.095946,-78.497625,1,CONDUCE BAJO LA INFLUENCIA DE ALCOHOL,CHOQUES
2022,OCTUBRE,09/10/2022,-0.059229,-78.433745,1,CONDUCIR SUPERANDO LOS LIMITES DE VELOCIDAD,CHOQUES
2022,OCTUBRE,10/10/2022,-0.371563,-78.502434,1,CONDUCIR SUPERANDO LOS LIMITES DE VELOCIDAD,PERDIDA DE CARRIL
2022,OCTUBRE,11/10/2022,-0.217615,-78.384933,1,NO TRANSITAR POR LAS ACERAS,ATROPELLO
2022,OCTUBRE,14/10/2022,-0.216795,-78.383262,1,CONDUCIR SUPERANDO LOS LIMITES DE VELOCIDAD,ESTRELLAMIENTO
2022,OCTUBRE,16/10/2022,-0.255868,-78.503295,1,NO TRANSITAR POR LAS ACERAS,ATROPELLO
2022,OCTUBRE,19/10/2022,-0.244167,-78.482281,1,NO CEDER EL DERECHO VIA A VEHICULOS,ATROPELLO
2022,OCTUBRE,19/10/2022,-0.202081,-78.501192,1,NO TRANSITAR POR LAS ACERAS,ATROPELLO
2022,OCTUBRE,22/10/2022,-0.24592666,-78.519635,1,CONDUCIR DESATENTO A LAS CONDICIONES DE TRANSITO,ATROPELLO
2022,OCTUBRE,24/10/2022,-0.280315,-78.55665,1,PEATON QUE CRUZA LA CALZADA SIN RESPETAR LA SENIALIZACION,ATROPELLO
2022,OCTUBRE,25/10/2022,0.175114,-78.695694,1,MALAS CONDICIONES DE LA VIA,VOLCAMIENTO
2022,OCTUBRE,26/10/2022,-0.124771,-78.319347,2,CONDICIONES AMBIENTALES ADVERSAS,ESTRELLAMIENTO
2022,OCTUBRE,30/10/2022,-0.240381,-78.383109,1,REALIZAR CAMBIO BRUSCO O INDEBIDO DE CARRIL,ATIPICO
2022,OCTUBRE,30/10/2022,-0.192416,-78.496553,1,NO RESPETAR LAS SENIALES REGLAMENTARIAS,CHOQUES
2022,OCTUBRE,31/10/2022,-0.263813,-78.524643,1,NO TRANSITAR POR LAS ACERAS,ATROPELLO
2022,NOVIEMBRE,02/11/2022,-0.200625,-78.456497,1,CONDUCIR SUPERANDO LOS LIMITES DE VELOCIDAD,ESTRELLAMIENTO
2022,NOVIEMBRE,03/11/2022,-0.237322,-78.484706,1,CONDUCIR SUPERANDO LOS LIMITES DE VELOCIDAD,CHOQUES
2022,NOVIEMBRE,04/11/2022,-0.113786,-78.479323,1,CONDICIONES AMBIENTALES ADVERSAS,PERDIDA DE CARRIL
2022,NOVIEMBRE,05/11/2022,-0.279029,-78.49461,1,CONDUCIR SUPERANDO LOS LIMITES DE VELOCIDAD,PERDIDA DE CARRIL
2022,NOVIEMBRE,05/11/2022,-0.209277,-78.496257,1,NO CEDER EL DERECHO VIA A VEHICULOS,ATIPICO
2022,NOVIEMBRE,06/11/2022,-0.09457216,-78.51077591,1,CONDUCIR SUPERANDO LOS LIMITES DE VELOCIDAD,ESTRELLAMIENTO
2022,NOVIEMBRE,08/11/2022,-0.317353,-78.426884,1,NO CEDER EL DERECHO DE VIA AL PEATON,ATROPELLO
2022,NOVIEMBRE,12/11/2022,-0.195414,-78.497305,1,NO RESPETAR LAS SENIALES REGLAMENTARIAS,PERDIDA DE CARRIL
2022,NOVIEMBRE,13/11/2022,-0.3239,-78.5501,1,CONDUCIR SUPERANDO LOS LIMITES DE VELOCIDAD,PERDIDA DE CARRIL
2022,NOVIEMBRE,14/11/2022,-0.298772,-78.520749,1,NO TRANSITAR POR LAS ACERAS,ATROPELLO
2022,NOVIEMBRE,14/11/2022,-0.1040289,-78.4528127,1,PEATON QUE CRUZA LA CALZADA SIN RESPETAR LA SENIALIZACION,ATROPELLO
2022,NOVIEMBRE,19/11/2022,-0.2912,-78.5197,1,CONDUCIR SUPERANDO LOS LIMITES DE VELOCIDAD,ATIPICO
2022,NOVIEMBRE,20/11/2022,-0.117672,-78.456298,1,NO TRANSITAR POR LAS ACERAS,ATROPELLO
2022,NOVIEMBRE,25/11/2022,-0.237793,-78.490517,1,CONDUCIR SUPERANDO LOS LIMITES DE VELOCIDAD,ESTRELLAMIENTO
2022,NOVIEMBRE,25/11/2022,-0.207414,-78.512529,1,REALIZAR CAMBIO BRUSCO O INDEBIDO DE CARRIL,CHOQUES
2022,NOVIEMBRE,25/11/2022,-0.177868,-78.364949,1,NO CEDER EL DERECHO DE VIA AL PEATON,ATROPELLO
2022,NOVIEMBRE,26/11/2022,-0.23258,-78.503543,1,CONDUCIR SUPERANDO LOS LIMITES DE VELOCIDAD,ESTRELLAMIENTO
2022,NOVIEMBRE,26/11/2022,-0.12436287,-78.46611,1,CONDUCE BAJO LA INFLUENCIA DE ALCOHOL,CHOQUES
2022,DICIEMBRE,04/12/2022,-0.299367,-78.559015,1,CONDUCIR SUPERANDO LOS LIMITES DE VELOCIDAD,ATIPICO
2022,DICIEMBRE,07/12/2022,-0.275593,-78.344474,1,CONDUCIR SUPERANDO LOS LIMITES DE VELOCIDAD,ESTRELLAMIENTO
2022,DICIEMBRE,09/12/2022,-0.375908,-78.50271,1,CONDUCIR SUPERANDO LOS LIMITES DE VELOCIDAD,CHOQUES
2022,DICIEMBRE,10/12/2022,-0.16966,-78.484303,1,CONDUCIR SUPERANDO LOS LIMITES DE VELOCIDAD,ESTRELLAMIENTO
2022,DICIEMBRE,11/12/2022,-0.228441,-78.500596,1,CONDUCIR SUPERANDO LOS LIMITES DE VELOCIDAD,ATIPICO
2022,DICIEMBRE,11/12/2022,-0.345269,-78.548769,1,CONDUCIR SUPERANDO LOS LIMITES DE VELOCIDAD,ATIPICO
2022,DICIEMBRE,15/12/2022,-0.3011066,-78.42501,2,NO RESPETAR LAS SENIALES REGLAMENTARIAS,CHOQUES
2022,DICIEMBRE,17/12/2022,-0.272766,-78.509091,1,REALIZAR CAMBIO BRUSCO O INDEBIDO DE CARRIL,ATROPELLO
2022,DICIEMBRE,17/12/2022,-0.168118,-78.487387,1,CONDUCIR SUPERANDO LOS LIMITES DE VELOCIDAD,ESTRELLAMIENTO
2022,DICIEMBRE,18/12/2022,-0.242433,-78.498079,1,CONDUCIR SUPERANDO LOS LIMITES DE VELOCIDAD,ESTRELLAMIENTO
2022,DICIEMBRE,18/12/2022,-0.2999812,-78.5200243,1,NO TRANSITAR POR LAS ACERAS,ATROPELLO
2022,DICIEMBRE,18/12/2022,-0.149761,-78.467192,1,CONDUCIR SUPERANDO LOS LIMITES DE VELOCIDAD,PERDIDA DE CARRIL
2022,DICIEMBRE,19/12/2022,-0.0787194,-78.4442626,1,CONDUCIR SUPERANDO LOS LIMITES DE VELOCIDAD,PERDIDA DE CARRIL
2022,DICIEMBRE,21/12/2022,-0.144356,-78.481392,1,NO TRANSITAR POR LAS ACERAS,ATROPELLO
2022,DICIEMBRE,22/12/2022,-0.308886,-78.528985,1,PEATON QUE CRUZA LA CALZADA SIN RESPETAR LA SENIALIZACION,ATROPELLO
2022,DICIEMBRE,23/12/2022,-0.13332,-78.481935,1,NO MANTENER LA DISTANCIA AL VEHICULO QUE LE ANTECEDE,CHOQUES
2022,DICIEMBRE,24/12/2022,-0.211195,-78.451906,1,CONDUCIR SUPERANDO LOS LIMITES DE VELOCIDAD,ESTRELLAMIENTO
2022,DICIEMBRE,24/12/2022,-0.2044222,-78.5107778,1,CONDUCIR SUPERANDO LOS LIMITES DE VELOCIDAD,PERDIDA DE CARRIL
2022,DICIEMBRE,24/12/2022,-0.127725,-78.500198,1,NO RESPETAR LAS SENIALES REGLAMENTARIAS,CHOQUES
2022,DICIEMBRE,25/12/2022,-0.198645,-78.46628,1,CONDUCE BAJO LA INFLUENCIA DE ALCOHOL,PERDIDA DE CARRIL
2022,DICIEMBRE,25/12/2022,-0.244642,-78.502665,1,DEJAR O RECOGER PASAJEROS EN LUGARES NO PERMITIDOS,CAIDA DE PASAJERO
2022,DICIEMBRE,25/12/2022,-0.112183,-78.479103,1,CONDUCIR SUPERANDO LOS LIMITES DE VELOCIDAD,ESTRELLAMIENTO
2022,DICIEMBRE,25/12/2022,-0.214341,-78.508912,1,CONDUCIR SUPERANDO LOS LIMITES DE VELOCIDAD,ATIPICO
2022,DICIEMBRE,30/12/2022,-0.102563,-78.492794,2,CONDUCIR SUPERANDO LOS LIMITES DE VELOCIDAD,ATIPICO
2022,DICIEMBRE,30/12/2022,-0.164303,-78.483894,1,MALAS CONDICIONES DE LA VIA,ATROPELLO
2022,DICIEMBRE,30/12/2022,-0.131941,-78.481539,1,CONDUCIR SUPERANDO LOS LIMITES DE VELOCIDAD,ESTRELLAMIENTO
2022,DICIEMBRE,31/12/2022,-0.21836166,-78.5341033,1,MALAS CONDICIONES DE LA VIA,PERDIDA DE CARRIL
2022,DICIEMBRE,31/12/2022,-0.141096,-78.500968,1,NO TRANSITAR POR LAS ACERAS,ATROPELLO
2022,DICIEMBRE,31/12/2022,-0.178653,-78.396133,1,CONDUCIR SUPERANDO LOS LIMITES DE VELOCIDAD,ESTRELLAMIENTO
2022,DICIEMBRE,31/12/2022,-0.222148,-78.532671,1,NO CEDER EL DERECHO DE VIA AL PEATON,ATROPELLO
2023,ENERO,07/01/2023,-0.190882,-78.457532,3,CONDUCIR SUPERANDO LOS LIMITES DE VELOCIDAD,ATIPICO
2023,ENERO,10/01/2023,-0.115461,-78.489524,1,NO CEDER EL DERECHO DE VIA AL PEATON,ATROPELLO
2023,ENERO,13/01/2023,-0.20655,-78.512311,1,NO CEDER EL DERECHO DE VIA AL PEATON,ATROPELLO
2023,ENERO,18/01/2023,-0.21424,-78.375832,1,NO MANTENER LA DISTANCIA AL VEHICULO QUE LE ANTECEDE,CHOQUES
2023,ENERO,21/01/2023,-0.288041,-78.460152,1,CONDUCIR SUPERANDO LOS LIMITES DE VELOCIDAD,PERDIDA DE CARRIL
2023,ENERO,23/01/2023,-0.204684,-78.50233,1,PEATON QUE CRUZA LA CALZADA SIN RESPETAR LA SENIALIZACION,ATROPELLO
2023,ENERO,26/01/2023,-0.243698,-78.540417,1,NO TRANSITAR POR LAS ACERAS,ATROPELLO
2023,ENERO,27/01/2023,-0.204277,-78.527613,1,NO CEDER EL DERECHO DE VIA AL PEATON,ATIPICO
2023,ENERO,29/01/2023,-0.21817455,-78.43011631,1,CONDUCIR SUPERANDO LOS LIMITES DE VELOCIDAD,ATIPICO
2023,ENERO,29/01/2023,-0.102451,-78.450213,1,ADELANTAR O REBASAR EN ZONAS PELIGROSAS,ROCE
2023,ENERO,29/01/2023,-0.1896209,-78.4831149,1,NO CEDER EL DERECHO DE VIA AL PEATON,ATROPELLO
2023,ENERO,30/01/2023,-0.104982,-78.430365,1,NO CEDER EL DERECHO DE VIA AL PEATON,ATROPELLO
2023,ENERO,30/01/2023,-0.286179,-78.531037,1,ADELANTAR O REBASAR EN ZONAS PELIGROSAS,CHOQUES
2023,ENERO,31/01/2023,-0.260686,-78.546418,1,CONDUCIR SUPERANDO LOS LIMITES DE VELOCIDAD,ATIPICO
2023,FEBRERO,01/02/2023,-0.302663,-78.521468,1,NO CEDER EL DERECHO DE VIA AL PEATON,ATROPELLO
2023,FEBRERO,04/02/2023,0.090193,-78.420279,1,CONDUCIR SUPERANDO LOS LIMITES DE VELOCIDAD,PERDIDA DE CARRIL
2023,FEBRERO,07/02/2023,-0.3417589,-78.56322,1,PEATON QUE CRUZA LA CALZADA SIN RESPETAR LA SENIALIZACION,ATIPICO
2023,FEBRERO,09/02/2023,-0.245103,-78.501964,1,CONDUCE BAJO LA INFLUENCIA DE ALCOHOL,ATROPELLO
2023,FEBRERO,10/02/2023,-0.207584,-78.503128,1,CONDUCIR SUPERANDO LOS LIMITES DE VELOCIDAD,ATROPELLO
2023,FEBRERO,11/02/2023,-0.250288,-78.50325,1,CONDUCIR SUPERANDO LOS LIMITES DE VELOCIDAD,CHOQUES
2023,FEBRERO,11/02/2023,-0.303766,-78.544951,1,CONDUCE BAJO LA INFLUENCIA DE ALCOHOL,ATIPICO
2023,FEBRERO,11/02/2023,-0.2168,-78.518591,1,CONDUCIR SUPERANDO LOS LIMITES DE VELOCIDAD,PERDIDA DE CARRIL
2023,FEBRERO,12/02/2023,-0.221062,-78.42205,1,CONDUCE BAJO LA INFLUENCIA DE ALCOHOL,CHOQUES
2023,FEBRERO,13/02/2023,-0.129272,-78.448503,1,NO CEDER EL DERECHO DE VIA AL PEATON,ATROPELLO
2023,FEBRERO,13/02/2023,-0.226784,-78.521848,1,NO TRANSITAR POR LAS ACERAS,ATROPELLO
2023,FEBRERO,14/02/2023,-0.125707,-78.500383,1,NO CEDER EL DERECHO VIA A VEHICULOS,CHOQUES
2023,FEBRERO,18/02/2023,-0.1417,-78.47417,1,CONDUCIR EN MALAS CONDICIONES FISICAS,PERDIDA DE CARRIL
2023,FEBRERO,19/02/2023,-0.23262,-78.503724,2,CONDUCIR SUPERANDO LOS LIMITES DE VELOCIDAD,ESTRELLAMIENTO
2023,FEBRERO,19/02/2023,-0.214188,-78.498683,1,CASO FORTUITO O FUERZA MAYOR,ATIPICO
2023,FEBRERO,20/02/2023,-0.283008,-78.494165,1,PEATON QUE TRANSITA BAJO LA INFLUENCIA DE ALCOHOL,ATROPELLO
2023,FEBRERO,23/02/2023,-0.314492,-78.558322,1,CONDUCIR SUPERANDO LOS LIMITES DE VELOCIDAD,ATIPICO
2023,FEBRERO,23/02/2023,-0.285765,-78.468813,1,CONDUCIR SUPERANDO LOS LIMITES DE VELOCIDAD,PERDIDA DE CARRIL
2023,FEBRERO,24/02/2023,-0.214812,-78.490261,1,REALIZAR CAMBIO BRUSCO O INDEBIDO DE CARRIL,CHOQUES
2023,FEBRERO,26/02/2023,-0.245346,-78.53398,1,NO RESPETAR LAS SENIALES REGLAMENTARIAS,CHOQUES
2023,FEBRERO,26/02/2023,-0.001034,-78.521671,1,CONDUCIR SUPERANDO LOS LIMITES DE VELOCIDAD,PERDIDA DE CARRIL
2023,FEBRERO,26/02/2023,-0.354066,-78.529694,1,CONDUCIR SUPERANDO LOS LIMITES DE VELOCIDAD,PERDIDA DE CARRIL
2023,MARZO,02/03/2023,-0.147648,-78.483696,1,CONDUCIR SUPERANDO LOS LIMITES DE VELOCIDAD,ATIPICO
2023,MARZO,04/03/2023,-0.102256,-78.463306,1,CONDICIONES AMBIENTALES ADVERSAS,ESTRELLAMIENTO
2023,MARZO,07/03/2023,-0.16855,-78.45269,1,CONDICIONES AMBIENTALES ADVERSAS,CHOQUES
2023,MARZO,10/03/2023,-0.18857,-78.44134,2,REALIZAR CAMBIO BRUSCO O INDEBIDO DE CARRIL,ATIPICO
2023,MARZO,11/03/2023,-0.2381,-78.473265,1,CONDICIONES AMBIENTALES ADVERSAS,PERDIDA DE CARRIL
2023,MARZO,11/03/2023,-0.304452,-78.47761,1,NO TRANSITAR POR LAS ACERAS,ATROPELLO
2023,MARZO,12/03/2023,-0.107312,-78.502735,1,CONDUCIR SUPERANDO LOS LIMITES DE VELOCIDAD,ESTRELLAMIENTO
2023,MARZO,12/03/2023,-0.153901,-78.332262,1,CONDUCIR SUPERANDO LOS LIMITES DE VELOCIDAD,ATIPICO
2023,MARZO,15/03/2023,-0.314161,-78.545283,1,CONDUCIR EN MALAS CONDICIONES FISICAS,ESTRELLAMIENTO
2023,MARZO,16/03/2023,-0.161993,-78.495435,1,CONDUCIR SUPERANDO LOS LIMITES DE VELOCIDAD,CAIDA DE PASAJERO
2023,MARZO,19/03/2023,-0.291834,-78.526983,1,CONDUCIR SUPERANDO LOS LIMITES DE VELOCIDAD,ATIPICO
2023,MARZO,20/03/2023,-0.126169,-78.516695,1,CONDUCIR SUPERANDO LOS LIMITES DE VELOCIDAD,ESTRELLAMIENTO
2023,MARZO,21/03/2023,-0.081996,-78.413034,1,NO TRANSITAR POR LAS ACERAS,ATROPELLO
2023,MARZO,24/03/2023,-0.26626,-78.55124,1,NO TRANSITAR POR LAS ACERAS,ATROPELLO
2023,MARZO,26/03/2023,-0.212824,-78.372904,1,CONDUCIR SUPERANDO LOS LIMITES DE VELOCIDAD,ESTRELLAMIENTO
2023,MARZO,26/03/2023,-0.016544,-78.451312,1,CONDUCIR SUPERANDO LOS LIMITES DE VELOCIDAD,ESTRELLAMIENTO
2023,MARZO,28/03/2023,-0.267369,-78.528259,1,CASO FORTUITO O FUERZA MAYOR,ESTRELLAMIENTO
2023,MARZO,28/03/2023,-0.2375766,-78.5191566,1,NO CEDER EL DERECHO DE VIA AL PEATON,ATROPELLO
2023,ABRIL,01/04/2023,-0.235952,-78.510709,1,NO RESPETAR LAS SENIALES REGLAMENTARIAS,CHOQUES
2023,ABRIL,02/04/2023,-0.281992,-78.517019,1,NO CEDER EL DERECHO DE VIA AL PEATON,ATROPELLO
2023,ABRIL,02/04/2023,-0.24157,-78.482552,1,NO CEDER EL DERECHO DE VIA AL PEATON,ATROPELLO
2023,ABRIL,02/04/2023,-0.334755084,-78.527026,1,NO CEDER EL DERECHO DE VIA AL PEATON,ATROPELLO
2023,ABRIL,03/04/2023,-0.089932,-78.42958,1,CONDUCIR SUPERANDO LOS LIMITES DE VELOCIDAD,ESTRELLAMIENTO
2023,ABRIL,08/04/2023,-0.304059,-78.56029,1,CONDUCIR SUPERANDO LOS LIMITES DE VELOCIDAD,CHOQUES
2023,ABRIL,08/04/2023,-0.189721,-78.501215,1,CONDUCE BAJO LA INFLUENCIA DE ALCOHOL,CHOQUES
2023,ABRIL,09/04/2023,-0.335374,-78.541828,1,NO CEDER EL DERECHO DE VIA AL PEATON,ATROPELLO
2023,ABRIL,15/04/2023,-0.222085,-78.400402,1,NO MANTENER LA DISTANCIA AL VEHICULO QUE LE ANTECEDE,CHOQUES
2023,ABRIL,18/04/2023,-0.137843,-78.493234,1,NO TRANSITAR POR LAS ACERAS,ATROPELLO
2023,ABRIL,19/04/2023,-0.21451,-78.39048,1,PEATON QUE CRUZA LA CALZADA SIN RESPETAR LA SENIALIZACION,ATROPELLO
2023,ABRIL,20/04/2023,-0.140035,-78.44539,1,CONDUCIR SUPERANDO LOS LIMITES DE VELOCIDAD,PERDIDA DE CARRIL
2023,ABRIL,21/04/2023,-0.198274,-78.436809,1,NO TRANSITAR POR LAS ACERAS,ATROPELLO
2023,ABRIL,23/04/2023,-0.250422,-78.503352,1,CONDUCE BAJO LA INFLUENCIA DE ALCOHOL,CHOQUES
2023,ABRIL,28/04/2023,-0.302082,-78.531956,2,CONDUCIR EN SENTIDO CONTRARIO A LA VIA,CHOQUES
2023,ABRIL,29/04/2023,-0.163386,-78.47273,1,NO CEDER EL DERECHO DE VIA AL PEATON,ATROPELLO
2023,ABRIL,30/04/2023,-0.242427,-78.498043,1,NO CEDER EL DERECHO DE VIA AL PEATON,ATROPELLO
2023,ABRIL,30/04/2023,-0.292593,-78.527056,1,CONDUCIR SUPERANDO LOS LIMITES DE VELOCIDAD,ESTRELLAMIENTO
2023,MAYO,02/05/2023,-0.26164421,-78.547373,1,CONDUCIR SUPERANDO LOS LIMITES DE VELOCIDAD,CHOQUES
2023,MAYO,04/05/2023,-0.290581,-78.536763,2,NO MANTENER LA DISTANCIA AL VEHICULO QUE LE ANTECEDE,CHOQUES
2023,MAYO,05/05/2023,-0.114756,-78.495054,1,NO CEDER EL DERECHO DE VIA AL PEATON,ATIPICO
2023,MAYO,13/05/2023,-0.270392,-78.49524,1,CONDUCIR EN SENTIDO CONTRARIO A LA VIA,CHOQUES
2023,MAYO,14/05/2023,-0.211448,-78.500158,1,MALAS CONDICIONES DE LA VIA,VOLCAMIENTO
2023,MAYO,23/05/2023,-0.283861,-78.544131,1,PEATON QUE CRUZA LA CALZADA SIN RESPETAR LA SENIALIZACION,ATROPELLO
2023,MAYO,25/05/2023,-0.128853,-78.472735,2,CONDUCIR SUPERANDO LOS LIMITES DE VELOCIDAD,ATIPICO
2023,MAYO,26/05/2023,-0.206179,-78.500821,1,NO RESPETAR LAS SENIALES REGLAMENTARIAS,CHOQUES
2023,MAYO,27/05/2023,-0.252982,-78.505855,1,CONDUCE BAJO LA INFLUENCIA DE ALCOHOL,ATROPELLO
2023,MAYO,30/05/2023,-0.123622,-78.498741,1,NO RESPETAR LAS SENIALES REGLAMENTARIAS,CHOQUES
2023,MAYO,30/05/2023,-0.187706,-78.504691,1,NO RESPETAR LAS SENIALES REGLAMENTARIAS,CHOQUES
2023,MAYO,31/05/2023,-0.027922,-78.438453,1,CONDUCIR SUPERANDO LOS LIMITES DE VELOCIDAD,PERDIDA DE CARRIL
2023,JUNIO,02/06/2023,-0.096545,-78.509265,1,CONDUCIR SUPERANDO LOS LIMITES DE VELOCIDAD,ATIPICO
2023,JUNIO,02/06/2023,-0.210322,-78.49413,1,CONDUCIR SUPERANDO LOS LIMITES DE VELOCIDAD,ATIPICO
2023,JUNIO,03/06/2023,-0.414426,-78.373839,1,CONDUCIR SUPERANDO LOS LIMITES DE VELOCIDAD,VOLCAMIENTO
2023,JUNIO,03/06/2023,-0.303085,-78.52149,1,CONDUCIR SUPERANDO LOS LIMITES DE VELOCIDAD,PERDIDA DE CARRIL
2023,JUNIO,04/06/2023,-0.220413,-78.392215,1,NO CEDER EL DERECHO DE VIA AL PEATON,ATROPELLO
2023,JUNIO,04/06/2023,-0.094746,-78.502734,1,NO CEDER EL DERECHO DE VIA AL PEATON,ATROPELLO
2023,JUNIO,06/06/2023,-0.210802,-78.421418,1,NO CEDER EL DERECHO DE VIA AL PEATON,ATROPELLO
2023,JUNIO,07/06/2023,-0.168428,-78.452679,1,NO RESPETAR LAS SENIALES REGLAMENTARIAS,CHOQUES
2023,JUNIO,07/06/2023,-0.2971216,-78.5308558,1,NO CEDER EL DERECHO DE VIA AL PEATON,ATROPELLO
2023,JUNIO,09/06/2023,-0.16737,-78.448253,1,CONDUCIR SUPERANDO LOS LIMITES DE VELOCIDAD,ATIPICO
2023,JUNIO,09/06/2023,-0.211991,-78.371579,1,NO TRANSITAR POR LAS ACERAS,ATROPELLO
2023,JUNIO,13/06/2023,-0.283441,-78.543783,1,NO RESPETAR LAS SENIALES REGLAMENTARIAS,CHOQUES
2023,JUNIO,14/06/2023,-0.304637,-78.559221,1,NO CEDER EL DERECHO DE VIA AL PEATON,ATROPELLO
2023,JUNIO,17/06/2023,-0.132832,-78.502024,1,CONDUCIR SUPERANDO LOS LIMITES DE VELOCIDAD,CHOQUES
2023,JUNIO,18/06/2023,-0.235827,-78.472931,1,CONDUCIR EN SENTIDO CONTRARIO A LA VIA,CHOQUES
2023,JUNIO,18/06/2023,-0.247271,-78.534936,1,NO CEDER EL DERECHO DE VIA AL PEATON,ATROPELLO
2023,JUNIO,18/06/2023,-0.30234,-78.533497,1,CONDUCIR SUPERANDO LOS LIMITES DE VELOCIDAD,ATIPICO
2023,JUNIO,24/06/2023,-0.237602,-78.483392,1,CONDUCIR SUPERANDO LOS LIMITES DE VELOCIDAD,PERDIDA DE CARRIL
2023,JUNIO,24/06/2023,-0.197023,-78.512302,1,CONDUCIR SUPERANDO LOS LIMITES DE VELOCIDAD,PERDIDA DE CARRIL
2023,JUNIO,26/06/2023,-0.16519,-78.4663,1,NO CEDER EL DERECHO DE VIA AL PEATON,ATROPELLO
2023,JUNIO,26/06/2023,-0.149639,-78.475924,1,NO TRANSITAR POR LAS ACERAS,ATROPELLO
2023,JUNIO,28/06/2023,-0.232681,-78.523337,1,REALIZAR CAMBIO BRUSCO O INDEBIDO DE CARRIL,ATIPICO
2023,JUNIO,29/06/2023,-0.322021,-78.561498,2,CONDUCIR SUPERANDO LOS LIMITES DE VELOCIDAD,ATIPICO
2023,JUNIO,30/06/2023,-0.092207,-78.499455,1,NO RESPETAR LAS SENIALES REGLAMENTARIAS,CHOQUES
2023,JULIO,01/07/2023,-0.23185,-78.489958,1,CONDUCIR SUPERANDO LOS LIMITES DE VELOCIDAD,PERDIDA DE CARRIL
2023,JULIO,01/07/2023,-0.258121,-78.54417,1,NO TRANSITAR POR LAS ACERAS,ATROPELLO
2023,JULIO,01/07/2023,-0.099378,-78.433117,1,REALIZAR CAMBIO BRUSCO O INDEBIDO DE CARRIL,ATROPELLO
2023,JULIO,02/07/2023,-0.169657,-78.449839,1,CONDUCIR SUPERANDO LOS LIMITES DE VELOCIDAD,ESTRELLAMIENTO
2023,JULIO,02/07/2023,-0.212089,-78.453765,1,PEATON QUE CRUZA LA CALZADA SIN RESPETAR LA SENIALIZACION,ATROPELLO
2023,JULIO,02/07/2023,0.084127,-78.410778,1,NO CEDER EL DERECHO DE VIA AL PEATON,ATROPELLO
2023,JULIO,03/07/2023,-0.211587,-78.452173,1,CONDUCIR SUPERANDO LOS LIMITES DE VELOCIDAD,PERDIDA DE CARRIL
2023,JULIO,04/07/2023,-0.159697,-78.487887,1,REALIZAR CAMBIO BRUSCO O INDEBIDO DE CARRIL,CHOQUES
2023,JULIO,04/07/2023,-0.2458334,-78.536633,1,CONDUCIR EN SENTIDO CONTRARIO A LA VIA,CHOQUES
2023,JULIO,09/07/2023,-0.274835,-78.511178,1,CONDUCIR SUPERANDO LOS LIMITES DE VELOCIDAD,ESTRELLAMIENTO
2023,JULIO,13/07/2023,-0.266366,-78.551276,1,CONDUCIR SUPERANDO LOS LIMITES DE VELOCIDAD,ESTRELLAMIENTO
2023,JULIO,14/07/2023,-0.324837,-78.579008,1,CONDUCE BAJO LA INFLUENCIA DE ALCOHOL,ATROPELLO
2023,JULIO,15/07/2023,0.168045,-78.411732,1,CONDUCIR SUPERANDO LOS LIMITES DE VELOCIDAD,PERDIDA DE CARRIL
2023,JULIO,15/07/2023,-0.218221,-78.428577,1,CONDUCIR SUPERANDO LOS LIMITES DE VELOCIDAD,PERDIDA DE CARRIL
2023,JULIO,16/07/2023,-0.2420812,-78.5364114,1,NO RESPETAR LAS SENIALES REGLAMENTARIAS,CHOQUES
2023,JULIO,20/07/2023,-0.3572423,-78.532243,1,CONDUCIR SUPERANDO LOS LIMITES DE VELOCIDAD,ESTRELLAMIENTO
2023,JULIO,21/07/2023,-0.169322,-78.476169,1,CONDUCIR SUPERANDO LOS LIMITES DE VELOCIDAD,PERDIDA DE CARRIL
2023,JULIO,22/07/2023,-0.13580979,-78.48223816,1,NO RESPETAR LAS SENIALES REGLAMENTARIAS,CHOQUES
2023,JULIO,22/07/2023,-0.101267,-78.522324,1,CONDUCIR SUPERANDO LOS LIMITES DE VELOCIDAD,ATIPICO
2023,JULIO,26/07/2023,-0.192029,-78.512736,1,CONDUCIR SUPERANDO LOS LIMITES DE VELOCIDAD,ESTRELLAMIENTO
2023,JULIO,27/07/2023,-0.274659,-78.510814,1,NO GUARDAR LA DISTANCIA LATERAL ENTRE VEHICULOS,ATIPICO
2023,JULIO,28/07/2023,-0.259523,-78.530223,1,CONDUCIR SUPERANDO LOS LIMITES DE VELOCIDAD,ESTRELLAMIENTO
2023,JULIO,29/07/2023,-0.242532,-78.512748,1,CONDUCIR EN SENTIDO CONTRARIO A LA VIA,CHOQUES
2023,JULIO,29/07/2023,-0.073825,-78.471192,1,CONDUCIR SUPERANDO LOS LIMITES DE VELOCIDAD,PERDIDA DE CARRIL
2023,JULIO,30/07/2023,-0.233651811,-78.52344,1,CONDUCIR SUPERANDO LOS LIMITES DE VELOCIDAD,ESTRELLAMIENTO
2023,JULIO,30/07/2023,-0.294355,-78.56287,1,NO MANTENER LA DISTANCIA AL VEHICULO QUE LE ANTECEDE,CHOQUES
2023,JULIO,30/07/2023,-0.327359,-78.550331,1,NO RESPETAR LAS SENIALES REGLAMENTARIAS,CHOQUES
2023,JULIO,31/07/2023,-0.221818,-78.417293,1,CONDUCIR SUPERANDO LOS LIMITES DE VELOCIDAD,PERDIDA DE CARRIL
2023,AGOSTO,03/08/2023,-0.160459,-78.496054,1,NO CEDER EL DERECHO DE VIA AL PEATON,ATROPELLO
2023,AGOSTO,12/08/2023,-0.239971,-78.526809,1,REALIZAR CAMBIO BRUSCO O INDEBIDO DE CARRIL,CHOQUES
2023,AGOSTO,13/08/2023,-0.15359876,-78.44719605,1,CONDUCE BAJO LA INFLUENCIA DE ALCOHOL,PERDIDA DE CARRIL
2023,AGOSTO,16/08/2023,-0.120018,-78.506511,1,PEATON QUE CRUZA LA CALZADA SIN RESPETAR LA SENIALIZACION,ATROPELLO
2023,AGOSTO,16/08/2023,-0.262345,-78.523701,1,CONDUCIR SUPERANDO LOS LIMITES DE VELOCIDAD,PERDIDA DE CARRIL
2023,AGOSTO,20/08/2023,-0.259025,-78.54527,1,PEATON QUE CRUZA LA CALZADA SIN RESPETAR LA SENIALIZACION,ATROPELLO
2023,AGOSTO,20/08/2023,-0.108147,-78.487746,1,CONDUCIR SUPERANDO LOS LIMITES DE VELOCIDAD,PERDIDA DE CARRIL
2023,AGOSTO,21/08/2023,-0.213719,-78.457224,1,CONDUCIR SUPERANDO LOS LIMITES DE VELOCIDAD,ESTRELLAMIENTO
2023,AGOSTO,23/08/2023,-0.31238855,-78.52728685,1,CONDUCIR SUPERANDO LOS LIMITES DE VELOCIDAD,ATIPICO
2023,AGOSTO,26/08/2023,-0.188068,-78.511392,1,PEATON QUE CRUZA LA CALZADA SIN RESPETAR LA SENIALIZACION,ATROPELLO
2023,AGOSTO,26/08/2023,-0.318346,-78.557546,1,REALIZAR CAMBIO BRUSCO O INDEBIDO DE CARRIL,CHOQUES
2023,AGOSTO,26/08/2023,-0.149322,-78.503623,1,NO CEDER EL DERECHO DE VIA AL PEATON,ATROPELLO
2023,AGOSTO,26/08/2023,-0.123731,-78.496776,1,CONDUCIR SUPERANDO LOS LIMITES DE VELOCIDAD,ATIPICO
2023,AGOSTO,27/08/2023,-0.063489,-78.425938,1,CONDUCIR SUPERANDO LOS LIMITES DE VELOCIDAD,PERDIDA DE CARRIL
2023,AGOSTO,28/08/2023,-0.28713,-78.519532,1,NO TRANSITAR POR LAS ACERAS,ATROPELLO
2023,AGOSTO,29/08/2023,-0.105417,-78.433427,1,CONDUCIR SUPERANDO LOS LIMITES DE VELOCIDAD,ESTRELLAMIENTO
2023,AGOSTO,30/08/2023,-0.15304,-78.492297,1,CONDUCIR SUPERANDO LOS LIMITES DE VELOCIDAD,PERDIDA DE CARRIL
2023,SEPTIEMBRE,29/09/2023,-0.221448,-78.333959,1,REALIZAR CAMBIO BRUSCO O INDEBIDO DE CARRIL,ESTRELLAMIENTO
2023,SEPTIEMBRE,02/09/2023,-0.191979,-78.458882,1,CONDUCIR SUPERANDO LOS LIMITES DE VELOCIDAD,PERDIDA DE CARRIL
2023,SEPTIEMBRE,11/09/2023,-0.242643,-78.497598,1,CONDUCIR SUPERANDO LOS LIMITES DE VELOCIDAD,VOLCAMIENTO
2023,SEPTIEMBRE,21/09/2023,-0.220055,-78.423912,1,CONDUCIR SUPERANDO LOS LIMITES DE VELOCIDAD,ESTRELLAMIENTO
2023,SEPTIEMBRE,30/09/2023,-0.214137,-78.376767,1,REALIZAR CAMBIO BRUSCO O INDEBIDO DE CARRIL,CHOQUES
2023,SEPTIEMBRE,26/09/2023,-0.195413,-78.484216,1,NO RESPETAR LAS SENIALES REGLAMENTARIAS,ATROPELLO
2023,SEPTIEMBRE,16/09/2023,-0.220076,-78.507413,1,PEATON QUE CRUZA LA CALZADA SIN RESPETAR LA SENIALIZACION,ATROPELLO
2023,SEPTIEMBRE,15/09/2023,-0.196784,-78.440232,1,PEATON QUE CRUZA LA CALZADA SIN RESPETAR LA SENIALIZACION,ATROPELLO
2023,SEPTIEMBRE,02/09/2023,0.006987,-78.453244,1,CONDUCIR EN SENTIDO CONTRARIO A LA VIA,CHOQUES
2023,SEPTIEMBRE,25/09/2023,-0.142223,-78.500713,1,NO TRANSITAR POR LAS ACERAS,ATROPELLO
2023,SEPTIEMBRE,25/09/2023,-0.343298,-78.548823,1,CONDUCIR SUPERANDO LOS LIMITES DE VELOCIDAD,VOLCAMIENTO
2023,SEPTIEMBRE,27/09/2023,-0.318611,-78.549452,1,DEJAR O RECOGER PASAJEROS EN LUGARES NO PERMITIDOS,CAIDA DE PASAJERO
2023,SEPTIEMBRE,14/09/2023,-0.127254,-78.498476,1,PEATON QUE CRUZA LA CALZADA SIN RESPETAR LA SENIALIZACION,ATIPICO
2023,SEPTIEMBRE,18/09/2023,-0.090807,-78.475854,1,NO RESPETAR LAS SENIALES REGLAMENTARIAS,CHOQUES
2023,SEPTIEMBRE,08/09/2023,-0.104563,-78.453798,1,NO RESPETAR LAS SENIALES REGLAMENTARIAS,CHOQUES
2023,SEPTIEMBRE,10/09/2023,-0.202134,-78.425748,1,CONDUCIR SUPERANDO LOS LIMITES DE VELOCIDAD,ATIPICO
2023,SEPTIEMBRE,20/09/2023,-0.153292,-78.466463,1,CONDUCIR SUPERANDO LOS LIMITES DE VELOCIDAD,ESTRELLAMIENTO
2023,SEPTIEMBRE,30/09/2023,-0.2259118,-78.520669,1,CONDUCIR SUPERANDO LOS LIMITES DE VELOCIDAD,CHOQUES
2023,SEPTIEMBRE,26/09/2023,-0.24854,-78.51133,1,NO CEDER EL DERECHO DE VIA AL PEATON,ATROPELLO
2023,SEPTIEMBRE,02/09/2023,-0.16312,-78.475309,1,CONDUCIR SUPERANDO LOS LIMITES DE VELOCIDAD,ESTRELLAMIENTO
2023,OCTUBRE,02/10/2023,0.087681,-78.728744,1,REALIZAR CAMBIO BRUSCO O INDEBIDO DE CARRIL,CHOQUES
2023,OCTUBRE,03/10/2023,-0.284599,-78.518296,1,CONDUCIR SUPERANDO LOS LIMITES DE VELOCIDAD,PERDIDA DE CARRIL
2023,OCTUBRE,05/10/2023,-0.072757,-78.422607,1,NO CEDER EL DERECHO DE VIA AL PEATON,ATROPELLO
2023,OCTUBRE,06/10/2023,-0.199176,-78.46003,3,CONDUCIR SUPERANDO LOS LIMITES DE VELOCIDAD,ATIPICO
2023,OCTUBRE,08/10/2023,-0.292632,-78.544115,1,CONDUCIR SUPERANDO LOS LIMITES DE VELOCIDAD,PERDIDA DE CARRIL
2023,OCTUBRE,15/10/2023,-0.377569,-78.503296,1,NO TRANSITAR POR LAS ACERAS,ATROPELLO
2023,OCTUBRE,16/10/2023,-0.251625,-78.494958,1,PEATON QUE CRUZA LA CALZADA SIN RESPETAR LA SENIALIZACION,ATROPELLO
2023,OCTUBRE,17/10/2023,-0.214435,-78.516534,1,NO GUARDAR LA DISTANCIA LATERAL ENTRE VEHICULOS,ATIPICO
2023,OCTUBRE,19/10/2023,-0.10727,-78.427924,1,CONDUCIR SUPERANDO LOS LIMITES DE VELOCIDAD,ATIPICO
2023,OCTUBRE,20/10/2023,-0.282463,-78.554169,1,CONDUCIR EN MALAS CONDICIONES FISICAS,ESTRELLAMIENTO
2023,OCTUBRE,21/10/2023,-0.301312,-78.480803,1,CONDUCIR SUPERANDO LOS LIMITES DE VELOCIDAD,VOLCAMIENTO
2023,OCTUBRE,21/10/2023,-0.300987,-78.565292,1,NO CEDER EL DERECHO VIA A VEHICULOS,CHOQUES
2023,OCTUBRE,22/10/2023,-0.208291,-78.458239,1,CONDUCIR EN MALAS CONDICIONES FISICAS,ESTRELLAMIENTO
2023,OCTUBRE,22/10/2023,-0.299878,-78.567365,1,CONDUCIR SUPERANDO LOS LIMITES DE VELOCIDAD,ATIPICO
2023,OCTUBRE,23/10/2023,-0.129426,-78.476429,1,FALLA MECANICA,ATIPICO
2023,OCTUBRE,24/10/2023,-0.292776,-78.478616,1,NO CEDER EL DERECHO DE VIA AL PEATON,ATROPELLO
2023,OCTUBRE,24/10/2023,-0.105403,-78.475701,2,CONDUCIR SUPERANDO LOS LIMITES DE VELOCIDAD,PERDIDA DE CARRIL
2023,OCTUBRE,28/10/2023,-0.113151,-78.504848,1,CONDICIONES AMBIENTALES ADVERSAS,CHOQUES
2023,NOVIEMBRE,03/11/2023,-0.246104,-78.576204,1,CONDUCIR SUPERANDO LOS LIMITES DE VELOCIDAD,ATIPICO
2023,NOVIEMBRE,07/11/2023,0.169771,-78.787444,1,REALIZAR CAMBIO BRUSCO O INDEBIDO DE CARRIL,CHOQUES
2023,NOVIEMBRE,08/11/2023,-0.247409,-78.5014,1,NO TRANSITAR POR LAS ACERAS,ATROPELLO
2023,NOVIEMBRE,09/11/2023,-0.239384,-78.482926,1,NO CEDER EL DERECHO DE VIA AL PEATON,ATROPELLO
2023,NOVIEMBRE,11/11/2023,-0.19544,-78.494695,1,CONDUCIR SUPERANDO LOS LIMITES DE VELOCIDAD,VOLCAMIENTO
2023,NOVIEMBRE,11/11/2023,-0.276421,-78.496519,1,CONDUCIR SUPERANDO LOS LIMITES DE VELOCIDAD,ATIPICO
2023,NOVIEMBRE,13/11/2023,-0.189051,-78.51185,1,CONDUCIR SUPERANDO LOS LIMITES DE VELOCIDAD,ESTRELLAMIENTO
2023,NOVIEMBRE,15/11/2023,-0.262367,-78.505037,1,CONDUCIR SUPERANDO LOS LIMITES DE VELOCIDAD,PERDIDA DE CARRIL
2023,NOVIEMBRE,19/11/2023,-0.233726,-78.484446,1,NO TRANSITAR POR LAS ACERAS,ATIPICO
2023,NOVIEMBRE,22/11/2023,-0.223002,-78.468121,1,CONDICIONES AMBIENTALES ADVERSAS,ESTRELLAMIENTO
2023,NOVIEMBRE,24/11/2023,-0.330681,-78.550677,1,NO CEDER EL DERECHO DE VIA AL PEATON,ATROPELLO
2023,NOVIEMBRE,25/11/2023,-0.163339,-78.327986,1,CONDUCIR SUPERANDO LOS LIMITES DE VELOCIDAD,ESTRELLAMIENTO
2023,NOVIEMBRE,26/11/2023,-0.118104,-78.479882,1,CONDUCIR EN MALAS CONDICIONES FISICAS,PERDIDA DE CARRIL
2023,DICIEMBRE,01/12/2023,-0.274995,-78.529913,2,REALIZAR CAMBIO BRUSCO O INDEBIDO DE CARRIL,ATIPICO
2023,DICIEMBRE,03/12/2023,-0.26691,-78.507563,1,NO TRANSITAR POR LAS ACERAS,ATROPELLO
2023,DICIEMBRE,03/12/2023,-0.24164,-78.482971,1,CONDUCIR SUPERANDO LOS LIMITES DE VELOCIDAD,PERDIDA DE CARRIL
2023,DICIEMBRE,03/12/2023,-0.205943,-78.501758,1,REALIZAR CAMBIO BRUSCO O INDEBIDO DE CARRIL,ATIPICO
2023,DICIEMBRE,06/12/2023,-0.091111,-78.431753,1,NO TRANSITAR POR LAS ACERAS,ATROPELLO
2023,DICIEMBRE,08/12/2023,-0.272994,-78.50932,1,REALIZAR CAMBIO BRUSCO O INDEBIDO DE CARRIL,ESTRELLAMIENTO
2023,DICIEMBRE,07/12/2023,-0.306835,-78.417897,1,NO TRANSITAR POR LAS ACERAS,ATROPELLO
2023,DICIEMBRE,08/12/2023,-0.286376,-78.54164,1,NO CEDER EL DERECHO DE VIA AL PEATON,ATROPELLO
2023,DICIEMBRE,09/12/2023,-0.254716,-78.522359,1,REALIZAR CAMBIO BRUSCO O INDEBIDO DE CARRIL,PERDIDA DE CARRIL
2023,DICIEMBRE,09/12/2023,-0.289263,-78.54515,2,NO CEDER EL DERECHO DE VIA AL PEATON,ATROPELLO
2023,DICIEMBRE,11/12/2023,-0.333927,-78.541935,1,CONDUCIR SUPERANDO LOS LIMITES DE VELOCIDAD,ESTRELLAMIENTO
2023,DICIEMBRE,11/12/2023,-0.081845,-78.3083,1,NO CEDER EL DERECHO DE VIA AL PEATON,ATROPELLO
2023,DICIEMBRE,14/12/2023,-0.275656,-78.511895,1,PEATON QUE CRUZA LA CALZADA SIN RESPETAR LA SENIALIZACION,ATROPELLO
2023,DICIEMBRE,16/12/2023,-0.17837,-78.348421,1,NO RESPETAR LAS SENIALES REGLAMENTARIAS,CHOQUES
2023,DICIEMBRE,16/12/2023,-0.308107,-78.544672,1,CONDICIONES AMBIENTALES ADVERSAS,CHOQUES
2023,DICIEMBRE,16/12/2023,-0.230112,-78.497881,1,PEATON QUE CRUZA LA CALZADA SIN RESPETAR LA SENIALIZACION,ATROPELLO
2023,DICIEMBRE,17/12/2023,-0.149119,-78.306021,1,NO CEDER EL DERECHO DE VIA AL PEATON,ATIPICO
2023,DICIEMBRE,11/12/2023,-0.104535,-78.427274,1,CONDUCIR SUPERANDO LOS LIMITES DE VELOCIDAD,ATIPICO
2023,DICIEMBRE,12/12/2023,0.191136,-78.927646,1,CONDICIONES AMBIENTALES ADVERSAS,CHOQUES
2023,DICIEMBRE,18/12/2023,-0.289661,-78.567059,1,CONDUCIR SUPERANDO LOS LIMITES DE VELOCIDAD,CHOQUES
2023,DICIEMBRE,19/12/2023,-0.198916,-78.434544,1,REALIZAR CAMBIO BRUSCO O INDEBIDO DE CARRIL,CHOQUES
2023,DICIEMBRE,21/12/2023,-0.116478,-78.509542,1,DANIOS MECANICOS PREVISIBLES,ATIPICO
2023,DICIEMBRE,21/12/2023,-0.104246,-78.422145,1,CONDUCIR EN MALAS CONDICIONES FISICAS,PERDIDA DE CARRIL
2023,DICIEMBRE,22/12/2023,-0.137369,-78.473399,1,CONDUCIR SUPERANDO LOS LIMITES DE VELOCIDAD,ESTRELLAMIENTO
2023,DICIEMBRE,22/12/2023,-0.3083543,-78.5217021,1,CONDUCIR EN MALAS CONDICIONES FISICAS,VOLCAMIENTO
2023,DICIEMBRE,23/12/2023,-0.263831,-78.53723,1,CONDUCIR SUPERANDO LOS LIMITES DE VELOCIDAD,PERDIDA DE CARRIL
2023,DICIEMBRE,23/12/2023,-0.28678,-78.541534,1,NO RESPETAR LAS SENIALES REGLAMENTARIAS,CHOQUES
2023,DICIEMBRE,27/12/2023,-0.100064,-78.497215,1,REALIZAR CAMBIO BRUSCO O INDEBIDO DE CARRIL,ATIPICO
2023,DICIEMBRE,26/12/2023,-0.080684,-78.422641,1,NO TRANSITAR POR LAS ACERAS,ATIPICO
2023,DICIEMBRE,31/12/2023,-0.216031,-78.339775,1,NO CEDER EL DERECHO DE VIA AL PEATON,ATROPELLO
2023,DICIEMBRE,31/12/2023,-0.244738,-78.51412,1,CONDUCIR EN MALAS CONDICIONES FISICAS,PERDIDA DE CARRIL
2023,DICIEMBRE,29/12/2023,-0.0055,-78.431175,1,PRESENCIA DE AGENTES EXTERNOS EN LA VIA,ATIPICO
2023,DICIEMBRE,29/12/2023,-0.240281,-78.494002,1,NO TRANSITAR POR LAS ACERAS,ATROPELLO
2024,ENERO,02/01/2024,-0.221054,-78.422069,1,CONDUCIR SUPERANDO LOS LIMITES DE VELOCIDAD,ESTRELLAMIENTO
2024,ENERO,05/01/2024,-0.116797,-78.491106,1,CONDUCIR DESATENTO A LAS CONDICIONES DE TRANSITO,ESTRELLAMIENTO
2024,ENERO,14/01/2024,-0.264498,-78.506848,1,CONDUCIR SUPERANDO LOS LIMITES DE VELOCIDAD,PERDIDA DE CARRIL
2024,ENERO,12/01/2024,-0.299283,-78.559108,1,NO CEDER EL DERECHO DE VIA AL PEATON,ATIPICO
2024,ENERO,17/01/2024,-0.233398,-78.523413,1,NO CEDER EL DERECHO DE VIA AL PEATON,ATROPELLO
2024,ENERO,19/01/2024,-0.178351,-78.454792,1,NO CEDER EL DERECHO DE VIA AL PEATON,ATROPELLO
2024,ENERO,19/01/2024,-0.103174,-78.420634,1,CONDUCE BAJO LA INFLUENCIA DE ALCOHOL,ATIPICO
2024,ENERO,19/01/2024,-0.192298,-78.496762,1,NO GUARDAR LA DISTANCIA LATERAL ENTRE VEHICULOS,ATIPICO
2024,ENERO,27/01/2024,-0.174147,-78.453003,1,CONDUCIR SUPERANDO LOS LIMITES DE VELOCIDAD,PERDIDA DE CARRIL
2024,ENERO,23/01/2024,-0.104807,-78.505382,1,CONDUCIR SUPERANDO LOS LIMITES DE VELOCIDAD,ESTRELLAMIENTO
2024,ENERO,29/01/2024,-0.369894,-78.480836,1,CONDUCIR SUPERANDO LOS LIMITES DE VELOCIDAD,ATIPICO
2024,ENERO,31/01/2024,-0.2846,-78.542782,2,FALLA MECANICA,ATIPICO
2024,ENERO,30/01/2024,-0.234993,-78.488135,1,CONDUCIR SUPERANDO LOS LIMITES DE VELOCIDAD,ATIPICO
2024,FEBRERO,03/02/2024,-0.258651,-78.541097,1,CONDUCIR SUPERANDO LOS LIMITES DE VELOCIDAD,ATROPELLO
2024,FEBRERO,04/02/2024,-0.113207,-78.482795,1,NO CEDER EL DERECHO VIA A VEHICULOS,CHOQUES
2024,FEBRERO,04/02/2024,-0.286575,-78.514921,1,CONDUCIR SUPERANDO LOS LIMITES DE VELOCIDAD,PERDIDA DE CARRIL
2024,FEBRERO,08/02/2024,-0.24383,-78.581743,1,CONDUCIR DESATENTO A LAS CONDICIONES DE TRANSITO,ATROPELLO
2024,FEBRERO,08/02/2024,-0.175143,-78.487464,1,PEATON QUE CRUZA LA CALZADA SIN RESPETAR LA SENIALIZACION,ATROPELLO
2024,FEBRERO,08/02/2024,-0.167978,-78.48714,1,CONDUCIR SUPERANDO LOS LIMITES DE VELOCIDAD,ATIPICO
2024,FEBRERO,07/02/2024,-0.225053,-78.333927,1,NO CEDER EL DERECHO DE VIA AL PEATON,ATROPELLO
2024,FEBRERO,15/02/2024,-0.315019,-78.558304,1,CONDUCIR SUPERANDO LOS LIMITES DE VELOCIDAD,ATIPICO
2024,FEBRERO,16/02/2024,-0.247393,-78.478133,1,CONDUCIR SUPERANDO LOS LIMITES DE VELOCIDAD,PERDIDA DE CARRIL
2024,FEBRERO,16/02/2024,-0.104887,-78.425384,1,NO TRANSITAR POR LAS ACERAS,ATROPELLO
2024,FEBRERO,17/02/2024,-0.092218,-78.433547,1,CONDUCIR SUPERANDO LOS LIMITES DE VELOCIDAD,ATIPICO
2024,FEBRERO,17/02/2024,-0.237826,-78.473352,2,CONDUCIR SUPERANDO LOS LIMITES DE VELOCIDAD,CHOQUES
2024,FEBRERO,22/02/2024,-0.3348993,-78.51997591,1,CONDUCE BAJO LA INFLUENCIA DE ALCOHOL,ESTRELLAMIENTO
2024,FEBRERO,25/02/2024,-0.1451798,-78.4627917,1,REALIZAR CAMBIO BRUSCO O INDEBIDO DE CARRIL,ESTRELLAMIENTO
2024,FEBRERO,28/02/2024,-0.219439,-78.520721,1,CONDUCIR SUPERANDO LOS LIMITES DE VELOCIDAD,VOLCAMIENTO
2024,MARZO,02/03/2024,-0.242337,-78.520666,1,NO CEDER EL DERECHO DE VIA AL PEATON,ATROPELLO
2024,MARZO,02/03/2024,-0.229938,-78.469486,1,CONDUCIR SUPERANDO LOS LIMITES DE VELOCIDAD,CHOQUES
2024,MARZO,02/03/2024,-0.15997,-78.47702,1,PEATON QUE CRUZA LA CALZADA SIN RESPETAR LA SENIALIZACION,ATROPELLO
2024,MARZO,02/03/2024,-0.21387,-78.408324,1,CONDUCIR SUPERANDO LOS LIMITES DE VELOCIDAD,ATIPICO
2024,MARZO,02/03/2024,-0.177972,-78.339935,1,NO RESPETAR LAS SENIALES REGLAMENTARIAS,ATIPICO
2024,MARZO,02/03/2024,-0.192363,-78.453418,1,CONDUCIR SUPERANDO LOS LIMITES DE VELOCIDAD,CHOQUES
2024,MARZO,05/03/2024,-0.244585,-78.47599,1,REALIZAR CAMBIO BRUSCO O INDEBIDO DE CARRIL,CHOQUES
2024,MARZO,06/03/2024,-0.270049,-78.507753,1,NO TRANSITAR POR LAS ACERAS,ATROPELLO
2024,MARZO,08/03/2024,-0.1612622,-78.495739,1,NO TRANSITAR POR LAS ACERAS,ATROPELLO
2024,MARZO,09/03/2024,-0.250686,-78.503517,3,CONDUCIR SUPERANDO LOS LIMITES DE VELOCIDAD,ATIPICO
2024,MARZO,12/03/2024,-0.1858769,-78.5079046,1,CONDUCIR SUPERANDO LOS LIMITES DE VELOCIDAD,ESTRELLAMIENTO
2024,MARZO,12/03/2024,-0.115152,-78.461046,1,NO CEDER EL DERECHO DE VIA AL PEATON,ATROPELLO
2024,MARZO,12/03/2024,-0.1247592,-78.5151839,1,BAJARSE O SUBIRSE DE VEHICULOS EN MOVIMIENTO,CAIDA DE PASAJERO
2024,MARZO,15/03/2024,-0.2327201,-78.5037628,1,BAJARSE O SUBIRSE DE VEHICULOS EN MOVIMIENTO,CAIDA DE PASAJERO
2024,MARZO,16/03/2024,-0.075343,-78.44119,1,CONDUCIR SUPERANDO LOS LIMITES DE VELOCIDAD,CHOQUES
2024,MARZO,02/03/2024,-0.256309,-78.496415,1,NO CEDER EL DERECHO DE VIA AL PEATON,ATIPICO
2024,MARZO,19/03/2024,-0.2687088,-78.4633484,1,CONDUCE BAJO LA INFLUENCIA DE ALCOHOL,ATROPELLO
2024,MARZO,20/03/2024,-0.2294512,-78.5229063,1,NO TRANSITAR POR LAS ACERAS,ATROPELLO
2024,MARZO,22/03/2024,-0.1145094,-78.4950964,1,NO CEDER EL DERECHO DE VIA AL PEATON,ATIPICO
2024,MARZO,24/03/2024,-0.0847407,-78.5058571,1,BAJARSE O SUBIRSE DE VEHICULOS EN MOVIMIENTO,CAIDA DE PASAJERO
2024,MARZO,25/03/2024,0.0610943,-78.6812889,2,CONDUCIR SUPERANDO LOS LIMITES DE VELOCIDAD,ATIPICO
2024,MARZO,29/03/2024,-0.2341915,-78.488391,1,CASO FORTUITO O FUERZA MAYOR,ATIPICO
2024,MARZO,27/03/2024,-0.2399681,-78.3129706,1,MALAS CONDICIONES DE LA VIA,PERDIDA DE CARRIL
2024,MARZO,31/03/2024,-0.0961506,-78.4402505,1,NO CEDER EL DERECHO DE VIA AL PEATON,ATIPICO
2024,MARZO,28/03/2024,-0.2959305,-78.5292612,1,NO TRANSITAR POR LAS ACERAS,ATROPELLO
2024,MARZO,30/03/2024,-0.2624418,-78.3864332,1,PEATON QUE TRANSITA BAJO LA INFLUENCIA DE ALCOHOL,ATIPICO
2024,ABRIL,01/04/2024,-0.3023204,-78.5335189,1,NO TRANSITAR POR LAS ACERAS,ATROPELLO
2024,ABRIL,03/04/2024,-0.2426236,-78.4976233,1,NO GUARDAR LA DISTANCIA LATERAL ENTRE VEHICULOS,ATIPICO
2024,ABRIL,03/04/2024,-0.3370219,-78.5204023,1,CONDUCIR SUPERANDO LOS LIMITES DE VELOCIDAD,ATIPICO
2024,ABRIL,07/04/2024,-0.1164977,-78.453148,1,CONDUCIR SUPERANDO LOS LIMITES DE VELOCIDAD,PERDIDA DE CARRIL
2024,ABRIL,09/04/2024,-0.250621,-78.5380306,1,NO TRANSITAR POR LAS ACERAS,ATROPELLO
2024,ABRIL,09/04/2024,-0.192773,-78.4981663,1,NO RESPETAR LAS SENIALES REGLAMENTARIAS,CHOQUES
2024,ABRIL,10/04/2024,-0.2491737,-78.5691636,1,REALIZAR CAMBIO BRUSCO O INDEBIDO DE CARRIL,ATIPICO
2024,ABRIL,10/04/2024,-0.3025349,-78.4802466,1,CONDUCE BAJO LA INFLUENCIA DE ALCOHOL,CHOQUES
2024,ABRIL,11/04/2024,-0.2029474,-78.5044354,1,CONDUCE BAJO LA INFLUENCIA DE ALCOHOL,ATIPICO
2024,ABRIL,12/04/2024,-0.3420047,-78.5487698,1,NO TRANSITAR POR LAS ACERAS,ATROPELLO
2024,ABRIL,12/04/2024,-0.297277,-78.5412393,1,REALIZAR CAMBIO BRUSCO O INDEBIDO DE CARRIL,ATIPICO
2024,ABRIL,13/04/2024,-0.2056143,-78.4331469,1,REALIZAR CAMBIO BRUSCO O INDEBIDO DE CARRIL,CHOQUES
2024,ABRIL,14/04/2024,-0.2971574,-78.5346118,2,CONDUCIR SUPERANDO LOS LIMITES DE VELOCIDAD,VOLCAMIENTO
2024,ABRIL,14/04/2024,-0.292483,-78.526916,1,CONDUCIR SUPERANDO LOS LIMITES DE VELOCIDAD,PERDIDA DE CARRIL
2024,ABRIL,18/04/2024,-0.195804,-78.49519,1,CONDUCIR SUPERANDO LOS LIMITES DE VELOCIDAD,ATIPICO
2024,ABRIL,19/04/2024,-0.286633,-78.537285,1,NO RESPETAR LAS SENIALES REGLAMENTARIAS,CHOQUES
2024,ABRIL,23/04/2024,-0.2100272,-78.505468,1,CONDUCE BAJO LA INFLUENCIA DE ALCOHOL,CHOQUES
2024,ABRIL,25/04/2024,-0.2092279,-78.5183861,1,CONDICIONES AMBIENTALES ADVERSAS,ESTRELLAMIENTO
2024,ABRIL,24/04/2024,-0.162612,-78.4739967,1,NO TRANSITAR POR LAS ACERAS,ATROPELLO
2024,ABRIL,28/04/2024,-0.1809059,-78.4945247,1,NO RESPETAR LAS SENIALES REGLAMENTARIAS,CHOQUES
2024,MAYO,03/05/2024,-0.1336603,-78.5018328,1,NO MANTENER LA DISTANCIA AL VEHICULO QUE LE ANTECEDE,CHOQUES
2024,MAYO,02/05/2024,-0.0231437,-78.4379112,1,NO TRANSITAR POR LAS ACERAS,ATROPELLO
2024,MAYO,05/05/2024,0.0017683,-78.442011,1,CONDICIONES AMBIENTALES ADVERSAS,ATIPICO
2024,MAYO,03/05/2024,-0.1144496,-78.4951051,1,CONDUCIR EN SENTIDO CONTRARIO A LA VIA,CHOQUES
2024,MAYO,08/05/2024,-0.1885523,-78.4919349,1,NO CEDER EL DERECHO DE VIA AL PEATON,ATROPELLO
2024,MAYO,12/05/2024,-0.1154841,-78.4746048,1,CONDUCIR SUPERANDO LOS LIMITES DE VELOCIDAD,ESTRELLAMIENTO
2024,MAYO,12/05/2024,-0.2923504,-78.5674586,1,CONDUCIR SUPERANDO LOS LIMITES DE VELOCIDAD,PERDIDA DE CARRIL
2024,MAYO,11/05/2024,-0.2012321,-78.4327852,1,NO GUARDAR LA DISTANCIA LATERAL ENTRE VEHICULOS,ATIPICO
2024,MAYO,18/05/2024,-0.1361244,-78.4701738,1,CONDUCIR SUPERANDO LOS LIMITES DE VELOCIDAD,ATIPICO
2024,MAYO,20/05/2024,-0.1025644,-78.4909252,1,CONDUCIR SUPERANDO LOS LIMITES DE VELOCIDAD,ESTRELLAMIENTO
2024,MAYO,19/05/2024,-0.2142617,-78.4988152,1,NO TRANSITAR POR LAS ACERAS,ATROPELLO
2024,MAYO,21/05/2024,-0.2356042,-78.4461442,1,CONDUCIR SUPERANDO LOS LIMITES DE VELOCIDAD,PERDIDA DE CARRIL
2024,MAYO,22/05/2024,-0.2087781,-78.4953576,1,PEATON QUE CRUZA LA CALZADA SIN RESPETAR LA SENIALIZACION,ATROPELLO
2024,MAYO,23/05/2024,-0.1092349,-78.4572923,1,PEATON QUE CRUZA LA CALZADA SIN RESPETAR LA SENIALIZACION,ATROPELLO
2024,MAYO,24/05/2024,-0.1755872,-78.4883433,1,CONDUCIR EN SENTIDO CONTRARIO A LA VIA,ATIPICO
2024,MAYO,24/05/2024,-0.114651,-78.492606,1,NO TRANSITAR POR LAS ACERAS,ATROPELLO
2024,MAYO,25/05/2024,-0.1212974,-78.4629076,1,CONDUCE BAJO LA INFLUENCIA DE ALCOHOL,CHOQUES
2024,MAYO,28/05/2024,-0.0873086,-78.438708,1,CONDUCIR SUPERANDO LOS LIMITES DE VELOCIDAD,PERDIDA DE CARRIL
2024,MAYO,30/05/2024,-0.2387942,-78.4826892,1,CONDUCIR SUPERANDO LOS LIMITES DE VELOCIDAD,PERDIDA DE CARRIL
2024,MAYO,31/05/2024,-0.3285894,-78.5505536,1,CONDUCIR SUPERANDO LOS LIMITES DE VELOCIDAD,PERDIDA DE CARRIL
2024,JUNIO,2024-06-01,-0.1025169,-78.489128,1,CONDUCIR SUPERANDO LOS LIMITES DE VELOCIDAD,PERDIDA DE CARRIL
2024,JUNIO,2024-06-02,-0.2584669,-78.5447424,1,CONDUCE BAJO LA INFLUENCIA DE ALCOHOL,CHOQUES
2024,JUNIO,2024-06-02,-0.2466321,-78.5222179,1,CONDUCIR SUPERANDO LOS LIMITES DE VELOCIDAD,ATIPICO
2024,JUNIO,2024-06-02,-0.3133907,-78.5462305,1,REALIZAR CAMBIO BRUSCO O INDEBIDO DE CARRIL,PERDIDA DE CARRIL
2024,JUNIO,2024-06-04,-0.1812369,-78.5052259,1,CONDUCIR SUPERANDO LOS LIMITES DE VELOCIDAD,ATIPICO
2024,JUNIO,2024-06-05,-0.1001992,-78.4717155,1,NO RESPETAR LAS SENIALES REGLAMENTARIAS,CHOQUES
2024,JUNIO,2024-06-07,-0.2879518,-78.5659633,1,REALIZAR CAMBIO BRUSCO O INDEBIDO DE CARRIL,ATIPICO
2024,JUNIO,2024-06-08,-0.349855,-78.549147,1,NO TRANSITAR POR LAS ACERAS,ATROPELLO
2024,JUNIO,2024-06-07,-0.0949823,-78.4999976,1,NO CEDER EL DERECHO DE VIA AL PEATON,ATROPELLO
2024,JUNIO,2024-06-08,-0.271202,-78.5518461,1,NO CEDER EL DERECHO DE VIA AL PEATON,ATIPICO
2024,JUNIO,2024-06-09,-0.268674,-78.546864,1,REALIZAR CAMBIO BRUSCO O INDEBIDO DE CARRIL,PERDIDA DE CARRIL
2024,JUNIO,2024-06-13,-0.2359203,-78.484353,1,NO TRANSITAR POR LAS ACERAS,ATROPELLO
2024,JUNIO,2024-06-13,-0.2930079,-78.5270347,1,CONDUCIR EN MALAS CONDICIONES FISICAS,PERDIDA DE CARRIL
2024,JUNIO,2024-06-15,-0.0956886,-78.4681645,1,CONDUCE BAJO LA INFLUENCIA DE ALCOHOL,PERDIDA DE CARRIL
2024,JUNIO,2024-06-15,-0.2158908,-78.3948122,1,CONDUCIR SUPERANDO LOS LIMITES DE VELOCIDAD,PERDIDA DE CARRIL
2024,JUNIO,2024-06-16,-0.3149703,-78.5221299,1,NO TRANSITAR POR LAS ACERAS,ATROPELLO
2024,JUNIO,2024-06-15,-0.2520018,-78.5389143,1,NO TRANSITAR POR LAS ACERAS,ATROPELLO
2024,JUNIO,2024-06-20,-0.1982046,-78.4959652,1,CONDUCE BAJO LA INFLUENCIA DE ALCOHOL,CHOQUES
2024,JUNIO,2024-06-20,-0.3551851,-78.5468887,1,CONDUCIR DESATENTO A LAS CONDICIONES DE TRANSITO,ATROPELLO
2024,JUNIO,2024-06-20,-0.2694161,-78.5381467,1,NO TRANSITAR POR LAS ACERAS,ATROPELLO
2024,JUNIO,2024-06-21,-0.1822116,-78.4901361,1,NO TRANSITAR POR LAS ACERAS,ATROPELLO
2024,JUNIO,2024-06-22,0.1448024,-78.423636,1,CONDUCIR SUPERANDO LOS LIMITES DE VELOCIDAD,ESTRELLAMIENTO
2024,JUNIO,2024-06-22,-0.2421972,-78.532688,1,NO TRANSITAR POR LAS ACERAS,ATROPELLO
2024,JUNIO,2024-06-23,-0.302373,-78.56216,2,CONDUCE BAJO LA INFLUENCIA DE ALCOHOL,ATROPELLO
2024,JUNIO,2024-06-29,-0.241973,-78.5683687,1,CONDUCIR SUPERANDO LOS LIMITES DE VELOCIDAD,PERDIDA DE CARRIL
2024,JULIO,2024-07-03,-0.109306,-78.4603568,1,CONDUCIR SUPERANDO LOS LIMITES DE VELOCIDAD,PERDIDA DE CARRIL
2024,JULIO,2024-07-08,0.0114692,-78.4399833,1,CONDUCIR SUPERANDO LOS LIMITES DE VELOCIDAD,ATIPICO
2024,JULIO,2024-07-08,-0.343573,-78.5623164,1,BAJARSE O SUBIRSE DE VEHICULOS EN MOVIMIENTO,ATROPELLO
2024,JULIO,2024-07-08,-0.1914513,-78.5128417,1,CONDUCIR SUPERANDO LOS LIMITES DE VELOCIDAD,ESTRELLAMIENTO
2024,JULIO,2024-07-11,-0.191804,-78.4932972,1,CONDUCIR SUPERANDO LOS LIMITES DE VELOCIDAD,ATIPICO
2024,JULIO,2024-07-11,-0.3209934,-78.5643599,1,REALIZAR CAMBIO BRUSCO O INDEBIDO DE CARRIL,ATIPICO
2024,JULIO,2024-07-13,-0.2792627,-78.5527993,1,NO RESPETAR LAS SENIALES REGLAMENTARIAS,CHOQUES
2024,JULIO,2024-07-16,-0.2754807,-78.5115383,1,CONDUCE BAJO LA INFLUENCIA DE ALCOHOL,ESTRELLAMIENTO
2024,JULIO,2024-07-17,-0.1520639,-78.4644754,1,CONDUCIR SUPERANDO LOS LIMITES DE VELOCIDAD,CHOQUES
2024,JULIO,2024-07-18,-0.2152818,-78.5173728,1,REALIZAR CAMBIO BRUSCO O INDEBIDO DE CARRIL,PERDIDA DE CARRIL
2024,JULIO,2024-07-20,-0.2581706,-78.5346129,1,CONDUCIR EN MALAS CONDICIONES FISICAS,ATIPICO
2024,JULIO,2024-07-19,-0.2180926,-78.4351857,1,CONDUCIR EN MALAS CONDICIONES FISICAS,CHOQUES
2024,JULIO,2024-07-22,-0.0818125,-78.4604714,1,NO RESPETAR LAS SENIALES REGLAMENTARIAS,ATIPICO
2024,JULIO,2024-07-25,-0.2202977,-78.4238394,1,FALLA MECANICA,ATIPICO
2024,JULIO,2024-07-27,-0.1231987,-78.3233098,2,FALLA MECANICA,ESTRELLAMIENTO
2024,JULIO,2024-07-28,-0.2892896,-78.5385298,1,REALIZAR CAMBIO BRUSCO O INDEBIDO DE CARRIL,ATIPICO
2024,JULIO,2024-07-28,-0.3496814,-78.3817345,1,CONDUCIR SUPERANDO LOS LIMITES DE VELOCIDAD,PERDIDA DE CARRIL
2024,JULIO,2024-07-29,-0.299578,-78.558648,1,NO TRANSITAR POR LAS ACERAS,ATIPICO
2024,AGOSTO,03/08/2024,-0.1233293,-78.5034568,1,NO GUARDAR LA DISTANCIA LATERAL ENTRE VEHICULOS,ATIPICO
2024,AGOSTO,03/08/2024,-0.2459396,-78.5190148,1,CONDUCIR EN MALAS CONDICIONES FISICAS,ESTRELLAMIENTO
2024,AGOSTO,03/08/2024,-0.2195883,-78.5207879,3,CONDUCIR EN MALAS CONDICIONES FISICAS,ESTRELLAMIENTO
2024,AGOSTO,06/08/2024,-0.2504322,-78.5033522,1,CONDUCIR EN MALAS CONDICIONES FISICAS,PERDIDA DE CARRIL
2024,AGOSTO,08/08/2024,-0.2435099,-78.4753997,1,CONDUCIR EN MALAS CONDICIONES FISICAS,PERDIDA DE CARRIL
2024,AGOSTO,12/08/2024,-0.3081218,-78.5446882,1,REALIZAR CAMBIO BRUSCO O INDEBIDO DE CARRIL,ATIPICO
2024,AGOSTO,13/08/2024,-0.195542,-78.495192,1,CONDUCIR SUPERANDO LOS LIMITES DE VELOCIDAD,ATIPICO
2024,AGOSTO,16/08/2024,-0.309922,-78.550249,1,CONDUCIR SUPERANDO LOS LIMITES DE VELOCIDAD,PERDIDA DE CARRIL
2024,AGOSTO,08/08/2024,-0.332778,-78.570615,1,CONDUCE BAJO LA INFLUENCIA DE ALCOHOL,ATIPICO
2024,AGOSTO,24/08/2024,-0.242984,-78.497177,1,NO MANTENER LA DISTANCIA AL VEHICULO QUE LE ANTECEDE,CHOQUES
2024,AGOSTO,25/08/2024,-0.105097,-78.432416,1,CONDUCIR EN MALAS CONDICIONES FISICAS,ESTRELLAMIENTO
2024,AGOSTO,25/08/2024,-0.138608,-78.425858,1,CONDUCIR SUPERANDO LOS LIMITES DE VELOCIDAD,ESTRELLAMIENTO
2024,AGOSTO,26/08/2024,-0.014863,-78.450331,1,NO RESPETAR LAS SENIALES REGLAMENTARIAS,ATIPICO
2024,AGOSTO,28/08/2024,-0.266778,-78.538014,1,FALLA MECANICA,ATIPICO
2024,AGOSTO,28/08/2024,-0.111859,-78.477902,1,REALIZAR CAMBIO BRUSCO O INDEBIDO DE CARRIL,CHOQUES
2024,AGOSTO,31/08/2024,-0.257501,-78.543764,1,REALIZAR CAMBIO BRUSCO O INDEBIDO DE CARRIL,ATIPICO
